Hugo_Symbol,count
PIK3CA,385
TTN,359
TP53,331
MUC16,152
CDH1,122
MAP3K1,106
GATA3,105
MUC12,101
MLL3,91
MUC4,91
RYR2,76
SYNE1,74
DST,69
FLG,68
CROCCP2,67
HMCN1,66
DMD,64
FCGBP,63
RYR3,61
OBSCN,61
USH2A,60
SPEN,60
MUC5B,59
SYNE2,58
AHNAK,54
HRNR,52
NEB,51
AHNAK2,51
XIRP2,51
MUC17,51
UBR4,50
ABCA13,48
SPTA1,47
RYR1,46
APOB,46
CSMD1,46
FAT3,46
LRP2,45
MXRA5,45
MDN1,45
NCOR1,45
CMYA5,44
HUWE1,44
HYDIN,44
PCLO,44
ZFHX4,44
MACF1,43
GPR112,42
CSMD2,42
RNF213,41
GPR98,41
ANK2,40
COL6A5,40
PTEN,39
PKHD1L1,39
RNA5-8SP6,38
DNAH9,38
MGAM,38
TBP,38
LRP1,38
DNAH11,37
SACS,37
HERC2,37
PRUNE2,37
LRP1B,36
CACNA1E,36
DNAH5,36
DNAH10,36
RUNX1,36
ODZ1,35
NF1,35
FMN2,35
GON4L,34
CEP350,34
DNAH17,34
ASPM,34
MAP1A,34
VPS13D,34
HERC1,34
LYST,34
HECTD4,34
CSMD3,34
DNAH7,34
FAT2,34
CUBN,34
DYNC1H1,34
GOLGA6L2,33
PKHD1,33
MLL2,33
MGA,33
MAP2K4,33
ANK3,32
ARID1A,32
AKAP9,32
FRG1B,32
CHD4,32
F5,32
KIAA1109,32
USP34,32
FRAS1,31
MST1L,31
TEX15,31
UTRN,31
SRRM2,31
DNAH2,31
VPS13B,31
FAT4,31
FLNA,31
NOTCH2,31
KIAA1210,31
BAZ2B,31
PRKDC,31
DYSF,30
DNAH8,30
SMG1,30
SRCAP,30
URGCP,30
MED12,30
ATRX,30
SCN2A,30
DMXL2,30
MUC20,29
RELN,29
PDE4DIP,29
SPHKAP,29
DCHS2,29
ALMS1,29
PKD1L1,29
ZFHX3,29
COL12A1,29
MLL,29
DNAH6,29
DOCK11,29
BIRC6,29
MYCBP2,29
SVEP1,28
AHCTF1,28
UNC13C,28
AFF2,28
NIPBL,28
MYH9,28
PREX2,28
APC,28
DNAH3,28
PCNXL2,28
FLNC,28
SDK1,28
ASTN1,28
APOBR,28
PAPPA2,28
FBN3,28
PCDH19,28
KIAA0947,28
HEATR7B2,27
TAF1L,27
MTOR,27
UBR5,27
LRBA,27
ATM,27
WDFY3,27
ZAN,27
TBX3,27
VCAN,27
FAT1,27
WNK3,27
PDZD2,26
HECW1,26
CBFB,26
DYNC2H1,26
FLG2,26
CHD6,26
STK19,26
FBN1,26
MYH11,26
DNAH14,26
LAMA1,26
DNAH12,26
TG,26
QSER1,26
DSCAM,26
RB1,26
DMXL1,26
COL6A3,26
SETD2,26
MALAT1,25
FRMPD4,25
SDK2,25
C9orf174,25
COL14A1,25
DOCK7,25
CNTRL,25
PTPRD,25
EYS,25
RPGR,25
TNXB,25
FOXA1,25
GOLGB1,25
ODZ4,25
WNK1,25
IGSF10,25
ITPR2,25
CACNA1C,25
DNAH1,25
F8,25
YLPM1,25
SCN10A,24
WDR87,24
USP9X,24
C5orf42,24
BRWD1,24
CELSR2,24
CENPE,24
ANKRD30BL,24
OTOGL,24
PEG3,24
VPS13C,24
ERBB2,24
FREM1,24
MYO18B,24
ZNF292,24
KCNN3,24
AKAP13,24
MYO3A,24
ZDBF2,23
AKD1,23
TP53BP1,23
ASH1L,23
VPS13A,23
ATP10B,23
MAP2,23
WDFY4,23
SHROOM2,23
HDAC6,23
DSPP,23
CACNA1F,23
TCHH,23
CD163L1,23
ASXL2,23
HSPG2,23
MEGF8,23
BRWD3,23
SZT2,23
PLXNA4,23
PCNT,23
ADAMTSL1,23
MYH7,23
MUC2,23
KIAA0430,22
UNC5D,22
SCN5A,22
RGPD3,22
PTPRB,22
SSPO,22
ZNF208,22
MYH1,22
STARD9,22
CSPP1,22
FAM75D1,22
ZNF462,22
TACC2,22
KIF4A,22
ANKRD30B,22
PRRC2C,22
FAM208B,22
FAM157B,22
DNHD1,22
C2orf16,22
PLCB4,22
NALCN,22
LPA,21
RLF,21
MYH15,21
GRID1,21
ABCA8,21
ABCA4,21
ERBB3,21
ABCA12,21
BOD1L1,21
NLRP7,21
ANKRD12,21
ERCC6,21
MYO5B,21
PCDH10,21
LCT,21
MLLT4,21
TRIO,21
TPR,21
FREM2,21
TNRC6B,21
CCDC88A,21
ITGAX,21
C1orf173,21
EP400,21
HLA-DRB1,21
MYH10,21
CDH23,21
MADD,21
KIAA2022,21
GPR141,21
SCN7A,21
NHS,21
TLN1,21
NBPF1,21
DSP,21
SETX,21
TMEM132D,21
CACNA1D,21
STAG1,21
CHD8,21
SCN4A,21
NBPF10,21
TAF1,21
EPG5,20
LAMA3,20
KIAA0913,20
CHD5,20
SNRNP200,20
MAGI1,20
NAV3,20
NACAD,20
SI,20
TRPM6,20
POM121,20
ZFPM2,20
RGAG1,20
AGBL1,20
GCN1L1,20
KDM5C,20
FASN,20
TENM1,20
PKD1L2,20
TNRC18,20
CECR2,20
SF3B1,20
CNTNAP5,20
GRIA3,20
PDE3A,20
ITPR1,20
POLA1,20
ZZEF1,20
CACNA1G,20
PARP4,20
ARHGAP31,20
TANC2,20
ASXL3,20
SHANK2,20
PIK3R1,20
CHD7,20
TRRAP,20
CCDC168,20
ANK1,20
PHKA2,20
GPR125,20
PCSK5,20
CACNA1A,20
PCDH15,20
ANKRD36C,20
HEATR5A,20
CNTNAP2,20
WDR52,20
FSIP2,20
LAMA2,20
PIWIL1,20
CACNA1B,20
ATP2B1,20
UNC79,20
SPTB,20
BRCA2,20
PER3,20
BCORL1,20
NWD1,20
BPTF,20
FLNB,20
CTCF,19
MYT1L,19
PTPN13,19
PLEC,19
OTOF,19
COL7A1,19
DEPDC5,19
TET1,19
DCHS1,19
MYO10,19
ACACA,19
PCDH11X,19
ATXN2,19
MYO7B,19
ABCB1,19
ODZ2,19
HCFC1,19
THSD7A,19
CEP152,19
KIF26B,19
CNOT1,19
SCN11A,19
EPHB1,19
EP300,19
TCF20,19
NLGN3,19
CHD3,19
NLRC5,19
KIAA1239,19
KIF21B,19
THSD7B,19
ZMYM3,19
RTL1,19
SCN9A,19
MDC1,19
AKAP6,19
FAM47C,19
HEATR1,19
MED13,19
MKI67,19
SCN1A,19
CIT,19
CAMSAP1,19
GRIN2A,19
MYH8,19
NES,19
HS6ST1,19
NRXN2,19
CELSR3,18
KDM6A,18
PRRC2B,18
HEG1,18
CCDC144A,18
ITPR3,18
DOCK8,18
PAPPA,18
DSCAML1,18
TECTA,18
TRANK1,18
KALRN,18
WDR66,18
GRIN2B,18
DCC,18
VWF,18
PLCH1,18
TSHZ3,18
DNM1P46,18
FBN2,18
KIF16B,18
ZNF536,18
HECW2,18
RIMBP2,18
BDP1,18
C2orf71,18
ANO4,18
RP1L1,18
GRIK2,18
TEP1,18
CDC42BPA,18
UNC80,18
KAT6B,18
DPP10,18
MUC19,18
ADAMTSL3,18
TRPM3,18
MPDZ,18
ERBB4,18
COL5A1,18
MUC6,18
NBEAL1,18
LRRK2,18
RALGAPB,18
CNKSR2,18
DOCK10,18
MCM3AP,18
ZFP64,18
KIAA2026,18
MED23,18
DOCK3,18
XPO1,18
IGSF1,18
NRCAM,18
MYO16,18
PTPRQ,18
SCN3A,18
FREM3,18
RBMXL3,18
ADCY9,18
UBC,18
FNDC1,18
MYOF,18
SAGE1,18
COL22A1,18
INTS1,18
NAV1,18
CROCC,18
TAS2R43,18
ABCA6,18
SUPT6H,18
ACACB,18
CREBBP,18
ARHGAP35,17
BCOR,17
NOS1,17
ASXL1,17
LTBP2,17
ARID4B,17
RIMS2,17
FN1,17
CPAMD8,17
CAD,17
COL27A1,17
ATP10A,17
ADNP,17
ANKRD11,17
KCNQ5,17
DIDO1,17
ATP1A4,17
ABR,17
ABCC8,17
DNAJC13,17
XIST,17
PJA1,17
ATN1,17
AMBRA1,17
KIDINS220,17
CDH9,17
BRCA1,17
SIPA1L1,17
REV3L,17
ARID1B,17
CPED1,17
POLQ,17
SETDB1,17
POTEF,17
CADPS,17
COL6A6,17
HELZ,17
CHD9,17
LRP4,17
PLXNA2,17
ADAMTS20,17
FAM171A1,17
FANCD2,17
FGFR2,17
PXDNL,17
RALGAPA2,17
FAM123B,17
RASGRF1,17
MED12L,17
PIEZO1,17
MECOM,17
WDR44,17
SPTAN1,17
HTT,17
KIF13A,17
CFH,17
PLCL2,17
PCDHGA1,17
ZC3H13,17
ATP11A,17
JMJD1C,17
ABCB11,17
NUP160,17
CTNNA2,17
COL4A5,17
NRK,17
NOL6,17
FAM75D5,17
FHOD3,17
TRIOBP,17
ABCA9,17
PPP1R3A,17
PLCE1,17
POLE,17
MIA3,17
IRS4,17
CEP250,17
KIAA0232,17
PLXNA3,17
RPTOR,17
CCNB3,17
SCN8A,17
C2CD3,17
TULP4,17
UGGT2,17
LAMB4,17
LAMA5,17
NSD1,17
CASZ1,17
AFF3,16
NTNG2,16
CR1,16
MYO7A,16
ZFP106,16
EML6,16
PLXNA1,16
NBEA,16
EPPK1,16
DLG1,16
VWA3A,16
MYOM2,16
CXorf22,16
GTF3C1,16
PLEKHG2,16
ATP2A1,16
KIAA1211,16
MAP1B,16
RAB3GAP2,16
FRMPD2,16
UBA1,16
HTATSF1,16
NID1,16
CBLB,16
SHROOM4,16
NYNRIN,16
TNRC6A,16
DDX11,16
TOPBP1,16
STAG2,16
DOCK4,16
SPTBN2,16
SVIL,16
LMTK2,16
CLIP1,16
PKD1,16
ABCC12,16
NOS2,16
LRRK1,16
COL19A1,16
FBXW7,16
FRYL,16
PRAMEF4,16
NOTCH4,16
TTC40,16
TRPM2,16
DBC1,16
HEPH,16
RGPD4,16
TANC1,16
GRIA1,16
PIK3C2B,16
KIF1B,16
TRPC5,16
ARFGEF1,16
MLL4,16
USPL1,16
PTPRT,16
MYBPC2,16
WWP2,16
CRIPAK,16
LRRIQ1,16
MYH7B,16
TARBP1,16
MYH13,16
TLR4,16
ACTN2,16
GLI2,16
UMODL1,16
UNC13A,16
RIF1,16
HIVEP1,16
MYO9A,16
STAB2,16
SPEG,16
EHMT1,16
ATP8B2,16
WSCD2,16
KCNH7,16
RANBP2,16
CPSF1,16
KIF20B,16
ABCA10,16
TLN2,16
ATP2B2,16
NUP214,16
CELSR1,16
EPHA4,16
PCDHB12,16
PTPRZ1,16
PCDHB7,16
THADA,16
NRXN1,16
ARHGAP29,16
GOLGA4,16
FER1L6,16
NRXN3,16
LRPPRC,16
COL4A6,16
SLC12A5,16
BSN,16
VWA3B,16
FAM186A,16
TNC,16
ROS1,16
ZNF592,16
DIP2A,16
ROBO2,16
UBR2,16
STAB1,16
ARHGAP5,16
TSC22D1,16
NCOA6,16
PTCH1,15
BAI3,15
LRRC41,15
RBMX,15
LINGO2,15
TTC3,15
MEFV,15
HIVEP3,15
EEA1,15
MYLK,15
FAM5C,15
SIPA1L2,15
SRGAP1,15
LETM1,15
GRM3,15
BACH2,15
GREB1L,15
MTM1,15
MAP3K5,15
BCR,15
TEK,15
KIAA0825,15
CSPG4,15
ENAM,15
ZNFX1,15
NOTCH3,15
PRIC285,15
DDR2,15
CCDC108,15
ABCC9,15
POTEE,15
ABCA3,15
PCDHB16,15
PCDHGB1,15
PHF8,15
EML5,15
UBE4B,15
ESPL1,15
DOCK9,15
ZP4,15
DENND4B,15
SLC4A11,15
ANKRD27,15
TDRD6,15
FOLH1,15
NIN,15
CASP8AP2,15
CFTR,15
CDK5RAP2,15
SSC5D,15
TNR,15
COBLL1,15
CEP192,15
SPAG17,15
MAS1L,15
SMC1A,15
MAST1,15
CNOT3,15
TNRC6C,15
GNAS,15
SIGLEC1,15
LTBP1,15
KIAA0195,15
IQSEC2,15
ACE,15
ROBO1,15
RAPGEF6,15
NEDD9,15
ZMYM4,15
NLRC4,15
CRYBG3,15
ALK,15
ATR,15
GCC2,15
WDR13,15
NCKAP5,15
ERBB2IP,15
MYO5A,15
CENPF,15
QRICH2,15
COPA,15
ALS2CR11,15
CNTNAP3B,15
ARHGEF12,15
TBC1D3P5,15
DIP2C,15
CHD2,15
ARHGEF15,15
FAM47B,15
MYH2,15
MYO18A,15
PRX,15
TGS1,15
TBC1D4,15
PRPF8,15
AFF1,15
FRMD4A,15
FCRL5,15
CUL7,15
ATP7A,15
ARID2,15
PKDREJ,15
STAT6,15
KIAA1755,15
NBAS,15
LOXHD1,15
CDH26,15
KCNT2,15
COL5A3,15
ADAM21P1,15
PXDN,15
CPS1,15
AIM1,15
CDK12,15
ITGA10,15
SDHAP1,15
KIAA1731,15
GRIN3A,15
CNTN6,15
IKBKAP,15
DSE,15
PHF3,15
SBF1,15
CNTN1,15
CNTNAP1,15
CACNA1S,15
PCDHA1,15
NINL,15
DUOX1,15
SHANK1,15
PCDHA8,14
PTPRU,14
AAK1,14
C9orf43,14
NPHP4,14
C4orf21,14
ALS2,14
PPP1R9A,14
RB1CC1,14
PCDHGA3,14
TIAM2,14
LAMB2,14
SRPR,14
CARD11,14
PLXNB2,14
ZNF687,14
CASP8,14
POLR2A,14
MYO15A,14
NFATC4,14
KIAA1549L,14
RBBP6,14
TMEM131,14
MYH4,14
KDM5B,14
FAM179B,14
ITSN2,14
BAZ1B,14
IFT172,14
MLL5,14
COL1A2,14
C9orf84,14
CEP170,14
INADL,14
SLIT2,14
IQGAP3,14
KIAA0368,14
ADD2,14
HIVEP2,14
CYP2A13,14
CDH8,14
WDR17,14
ARFGEF2,14
CCDC88C,14
ADAMTS12,14
ATP2B3,14
SCAF8,14
PRKCE,14
DOT1L,14
EVPL,14
ZNF831,14
POLR1A,14
IGF2R,14
NUP98,14
DENND5B,14
PCDH18,14
COL16A1,14
ANKRD20A4,14
ANKHD1,14
A2ML1,14
AMPD1,14
MTUS2,14
PASK,14
TNS3,14
PER1,14
WDR7,14
KIAA0100,14
ITGA8,14
RIPK1,14
ADGB,14
MYH14,14
RGS7,14
COPB2,14
SEMA5A,14
PIKFYVE,14
PTCHD1,14
PCDHGB4,14
ABCC4,14
PHLDB1,14
PCDHA11,14
PPFIA2,14
OTOG,14
LAMB1,14
LRRC16A,14
TNIK,14
TMEM247,14
OBSL1,14
DOCK2,14
VWA8,14
SUCO,14
LRRC7,14
PCDHGA2,14
BAZ1A,14
NID2,14
SUPT5H,14
ZNF540,14
COL4A1,14
ZNF469,14
TRIP12,14
C1orf101,14
FGD5,14
PHIP,14
TRIP11,14
TNKS1BP1,14
MAGEA12,14
C10orf12,14
MAGI3,14
CAMSAP2,14
PIEZO2,14
PCDHB6,14
TNN,14
COL4A4,14
L1CAM,14
HIPK2,14
CNTN4,14
RET,14
KIAA2018,14
CDC42BPB,14
ENPP2,14
SMARCA4,14
HIST1H3B,14
PCDHB18,14
MTPAP,14
GPR116,14
GPR64,14
ITGB2,14
MIS18BP1,14
ATAD2B,14
NFASC,14
TCF4,14
MAP4K4,14
DISP1,14
WWC3,14
HEATR8,14
ODF2,14
CRNKL1,14
TET3,13
UTP20,13
KIF14,13
GPRASP1,13
AP1B1,13
WDR33,13
ZC3H12B,13
SMCHD1,13
NELL1,13
TMC2,13
ADNP2,13
ANKRD17,13
SNCAIP,13
ZMYM2,13
CCDC147,13
ANKRD28,13
LILRA1,13
IGFN1,13
CYFIP2,13
IL1RAPL1,13
ANPEP,13
PLXNB3,13
MAMLD1,13
LZTR1,13
ACTN3,13
MAML3,13
MED14,13
SH3PXD2A,13
ANKRD36,13
LTBP4,13
GRID2,13
CDKN1B,13
PLCB1,13
PLEKHH1,13
PLEKHH2,13
DNMT1,13
C20orf26,13
ZNF41,13
CCDC150,13
CTTNBP2,13
CASR,13
SHPRH,13
ARAP3,13
BLM,13
GTSE1,13
MUSK,13
SIDT2,13
PLEKHG1,13
AUTS2,13
RNF123,13
HECTD1,13
LAMA4,13
WDR72,13
XPO5,13
KIAA1217,13
CCDC155,13
FAM86B1,13
ADAMTS6,13
AKAP11,13
INSR,13
MSH6,13
SMG6,13
KIFC1,13
RFC1,13
ANKRD30A,13
FAM86B2,13
ABCC1,13
DLC1,13
PTPRF,13
SGIP1,13
DYRK1A,13
SLITRK2,13
NAALADL2,13
NFAT5,13
DNA2,13
MCF2L,13
PCDHGA11,13
PPL,13
TLR8,13
PCDHA2,13
TRAPPC8,13
SEC24A,13
RPTN,13
ADCY7,13
TARS2,13
BAZ2A,13
LARP1,13
ZNF318,13
ADAMTS7,13
ADAMTS16,13
ABCA1,13
AMOTL1,13
EFCAB5,13
ADAMTS9,13
SEPT10,13
NXF1,13
APAF1,13
SLC4A2,13
AKAP12,13
CKAP5,13
MAGI2,13
ATG2A,13
ERCC6L,13
TCF12,13
SORCS1,13
CNTLN,13
PCDHGB6,13
PMEL,13
XIRP1,13
SALL1,13
GOLGA3,13
RERE,13
ENSG00000226232,13
CABIN1,13
ATP2B4,13
DSC2,13
SLITRK3,13
DMBT1,13
AKAP4,13
JAK1,13
SIN3A,13
GPRIN2,13
STK31,13
FLJ43860,13
ADCY10,13
THBS1,13
SMARCA2,13
CNTN3,13
RREB1,13
MOV10,13
NUP210L,13
LIFR,13
NLRP2,13
ACSS3,13
PCDHA10,13
GLI3,13
PFKM,13
IFT140,13
FOCAD,13
AEBP1,13
LRRC16B,13
ATAD2,13
ZNF407,13
ST18,13
PLEKHA5,13
GIMAP8,13
VCPIP1,13
ZCCHC6,13
DENND1B,13
KIF5C,13
KIAA1429,13
MASP1,13
EXPH5,13
SBF2,13
UBR3,13
SGSM1,13
SAMD9,13
ITSN1,13
MED13L,13
MYOM3,13
PDE4B,13
DOCK5,13
ABCB4,13
PPEF1,13
USP54,13
SLITRK6,13
PTCHD4,12
MAP3K4,12
MDGA1,12
THEM5,12
ZNF99,12
ZNF527,12
FRY,12
PCDHA9,12
CACNA1H,12
MYO9B,12
SPEF2,12
TET2,12
SSH1,12
ADCY5,12
RGS22,12
KIAA1033,12
PGAP1,12
ATG9B,12
CHI3L1,12
PCDHA13,12
URB2,12
ANKRD26,12
DAAM1,12
ATP13A4,12
KDM2B,12
TFE3,12
ELTD1,12
MICAL3,12
PCDHB11,12
TRAPPC9,12
FANCI,12
GUCY2F,12
NUP188,12
SLC4A5,12
TSHZ2,12
NBPF12,12
KIAA0922,12
C1orf222,12
FCRL3,12
PRKCB,12
LPHN2,12
GPR179,12
FAM47A,12
ESPNP,12
FBLN2,12
KNTC1,12
NFE2L1,12
SMARCC1,12
TTC28,12
SLC26A9,12
WDR6,12
TRAK2,12
SHROOM3,12
CPXM1,12
TRPM8,12
PDS5B,12
GUCY2C,12
LHCGR,12
USP32,12
TRPM5,12
LCMT2,12
NUP153,12
MYH6,12
PLA2R1,12
MLIP,12
TBC1D25,12
TRIM46,12
KCNH6,12
PLCG1,12
CP,12
PROSER1,12
KDM4C,12
ZNF91,12
NPC1,12
BRIP1,12
BCL9L,12
GANAB,12
C3,12
NPAS4,12
HDLBP,12
KCNQ3,12
PCNX,12
KIF24,12
FRG1,12
TUBBP5,12
ZNF142,12
QARS1,12
ZNF804B,12
UBN2,12
SETD1B,12
CEP290,12
CCAR1,12
ZNF541,12
GREB1,12
CCDC40,12
CAMTA2,12
TRPC1,12
FMO1,12
NAV2,12
FAM135B,12
WLS,12
PLCZ1,12
CATSPER2,12
BBS9,12
FAM21A,12
CDH24,12
PTPRC,12
SEC24B,12
RPLP0P2,12
ZNF425,12
KLHL1,12
GGT3P,12
EPRS,12
VWDE,12
TMEM132B,12
YEATS2,12
SPECC1L,12
ABCA5,12
WDR67,12
ITGA11,12
XPO4,12
KANK2,12
HRC,12
CTNND2,12
INPPL1,12
PKP4,12
CASC5,12
IREB2,12
TBL1XR1,12
MDGA2,12
MAGEE1,12
GFPT2,12
NHSL2,12
WRN,12
ZNF658,12
KCNA5,12
COL5A2,12
PARD3,12
NFE2L3,12
ARHGEF11,12
ADAMTS3,12
PIPSL,12
SETBP1,12
SATB1,12
HERC2P4,12
RAD54B,12
UGGT1,12
DNMT3A,12
EMR2,12
MET,12
CDK19,12
IPO13,12
CRAT,12
COL3A1,12
LRCH1,12
CRAMP1L,12
NUMA1,12
KIF1A,12
KIAA0754,12
BRPF3,12
NLRP13,12
SMTN,12
MARS,12
COL21A1,12
CAPN2,12
GOLGA6L6,12
TMEM63A,12
CALD1,12
PZP,12
PHACTR1,12
HERC2P2,12
SIK3,12
PTPN22,12
PRICKLE3,12
ADAMTS19,12
NUP155,12
CTAGE5,12
ROR2,12
UBAP2,12
DDX26B,12
SPTBN1,12
PCDHB8,12
MORC1,12
PHRF1,12
SH3KBP1,12
COL17A1,12
NBEAL2,12
FLII,12
DOPEY1,12
ITGAV,12
EPB41L3,12
PCDHA4,12
GRIK1,12
OCRL,12
FAM208A,12
PER2,12
CHD1,12
SLC13A3,12
GPRASP2,12
FAM65C,12
NKTR,12
MAGEC1,12
DUSP27,12
PHF12,12
SPATA1,12
BMPR2,12
FAM83B,12
PCNXL3,12
DNMBP,12
ELMO1,12
SRGAP2,12
BCL9,12
SEC16A,12
SORBS2,12
LUZP1,12
MAP3K13,12
ZNF648,11
ZNF711,11
USP15,11
DDB1,11
OR2G3,11
PLG,11
EPHA5,11
MMRN1,11
PIK3R4,11
BAX,11
LGR5,11
NCOA3,11
DGKG,11
VPRBP,11
ABCA11P,11
EIF2C2,11
MSH3,11
TYRP1,11
ZNF646,11
OR5L2,11
ABCC5,11
OLFML2B,11
C10orf68,11
ITIH2,11
FDPS,11
RRBP1,11
SPG11,11
BCAS1,11
PLEKHA6,11
ALDH1L2,11
TARS,11
OTUD7B,11
DGKI,11
NPR2,11
NLGN4X,11
ADAM29,11
CRMP1,11
IGSF9B,11
AGTPBP1,11
ZNF438,11
EPHA6,11
AMPH,11
CYP4A11,11
MBD1,11
SON,11
XPOT,11
INPP5B,11
SPATA13,11
PALM2-AKAP2,11
PPRC1,11
MTHFD1,11
PEX1,11
ACIN1,11
MEIS2,11
SPTBN4,11
PHLDB2,11
FILIP1,11
KIF13B,11
RAPGEF2,11
CDH12,11
RUNX1T1,11
MAML2,11
MAN2B1,11
ARHGAP6,11
MEP1A,11
XPO6,11
CARD6,11
PTPRE,11
ZNF729,11
TRPV2,11
TTLL5,11
OLFML3,11
ADAMTS13,11
MAZ,11
PHC2,11
DOCK1,11
FBXO18,11
EMC1,11
ASPH,11
EHBP1L1,11
ATAD5,11
PKD1L3,11
MCF2L2,11
PLOD3,11
CEP128,11
LRRC8C,11
ALPK3,11
ADAM21,11
LAMC1,11
FAM13B,11
KCNB2,11
DPP6,11
DUOX2,11
ZNF544,11
MAGED1,11
SORBS1,11
OTUD7A,11
CDHR2,11
DGKD,11
SLC8A1,11
DHX57,11
SOGA1,11
EEF1A1,11
KCNU1,11
JAK3,11
PSD2,11
SYMPK,11
DZANK1,11
USP24,11
TNS1,11
C17orf97,11
CDH20,11
C9orf131,11
MYADML,11
FBXO21,11
GAB3,11
MYO5C,11
SLC5A9,11
OR4D10,11
COL9A1,11
SBNO1,11
UBAP2L,11
KCNA1,11
ABCF1,11
BNC1,11
SLC4A3,11
MAN2A1,11
DIP2B,11
ENAH,11
KDR,11
PTPN23,11
TPTE,11
SIPA1L3,11
ZNF841,11
PEAK1,11
TGM1,11
ADCY2,11
PRDM2,11
SEMA4F,11
SEMA6A,11
SMARCC2,11
AKR1CL1,11
KANSL3,11
HIST1H1C,11
HMHA1,11
XRN1,11
KIAA1462,11
TMEM57,11
GLYR1,11
LDB2,11
ANGPT4,11
ITGA4,11
NOP14,11
SALL4,11
SLC4A4,11
ZHX2,11
IVNS1ABP,11
ZBTB40,11
ADAMTS17,11
MYB,11
GYG2,11
COL4A2,11
PHLPP1,11
FAM65A,11
USP25,11
ZNF432,11
RALGAPA1,11
DOPEY2,11
GPS2,11
SYCP2,11
COG1,11
SORL1,11
SCAF4,11
CDHR1,11
ANKAR,11
FMNL3,11
TLR7,11
KIAA1009,11
ALDH1L1,11
JAG1,11
EXOC6,11
IFI16,11
KIRREL,11
HERC4,11
ARHGEF5,11
EFCAB6,11
UBE3B,11
TRPC7,11
UHRF1BP1L,11
PDCD11,11
UPF2,11
SMC4,11
KIAA1377,11
LRRTM1,11
SIGLEC7,11
ATP11C,11
SCAPER,11
KIAA1432,11
CNTNAP3,11
CLSTN2,11
LRIG2,11
OR7D2,11
ZNF587,11
MAST4,11
SAMD9L,11
FHAD1,11
KIF27,11
HLA-J,11
KCND2,11
KAT6A,11
TRPS1,11
NRP2,11
DGKK,11
LNX1,11
ABCC6,11
CACNA2D3,11
NFATC3,11
TAB3,11
C6,11
SFMBT2,11
HCFC2,11
ZNF334,11
TGM2,11
ARPP21,11
SYNPO2,11
IKBKE,11
SP100,11
BMX,11
SLC9C1,11
C15orf39,11
DIAPH2,11
KIF2B,11
ZRANB3,11
ZNF568,11
GRIN2D,11
GRIPAP1,11
OR4M1,11
BPIFB4,11
MFI2,11
DLGAP4,11
CEP95,11
N4BP2,11
ATP1A1,11
RICTOR,11
CLCNKA,11
ITIH6,11
TCERG1,11
CLIP2,11
FSHR,11
BAI2,11
PARP1,11
OTOA,11
EIF4G1,11
SMARCA1,11
HDX,11
TSGA10,11
PCDHGA4,11
CADM2,11
KCNJ12,11
FADS2,11
PI4KA,11
PTPRM,11
FAM160A2,11
THOC2,11
ARAP2,11
ADCY8,11
VCL,11
MYO6,11
ZC3HAV1,11
C1QTNF5,11
TBC1D8B,11
STAT4,11
ZFC3H1,11
PTPRG,11
OR6C76,11
TRPC6,11
OR8D1,11
ACTB,11
KDM2A,11
PRRC2A,11
ROR1,11
TSC2,11
SYNJ2,11
PCDHAC1,11
NTRK3,11
ROBO3,11
AP3B1,11
OR2T2,11
ARHGEF1,11
ERN2,11
SRBD1,11
KCNH1,11
LRP12,11
COL11A1,11
CHD1L,11
INTS6,11
TRO,11
ZNF585A,11
DICER1,11
KIF17,11
FKBP15,11
GARNL3,11
COL18A1,11
EPHB2,11
CSRP2BP,11
ANAPC1,11
WHAMMP2,11
KDM5A,11
MAN2B2,11
PRKCQ,11
DAPK1,11
OTUD4,11
STXBP5,11
DDX3X,11
ITGA1,11
ST6GALNAC1,10
PHF20L1,10
TUBGCP6,10
RBM12,10
PRB2,10
RASAL3,10
APBA1,10
VANGL2,10
ZNF619,10
ECE1,10
CDC27,10
PLCG2,10
AGAP1,10
DCLK1,10
PMFBP1,10
SLC30A5,10
ARHGEF2,10
CDK18,10
TXNDC11,10
CD109,10
NUP205,10
URB1,10
ARHGEF7,10
OR14C36,10
ZNF721,10
CNGB1,10
ARHGAP17,10
TYK2,10
NLRC3,10
OASL,10
HSD17B4,10
DOCK6,10
PRAMEF7,10
ADAMTS2,10
PRKG2,10
RBM47,10
RNF17,10
PREX1,10
MLH3,10
VLDLR,10
BAI1,10
WDR64,10
OR2T34,10
MAGEC3,10
CGN,10
MYPN,10
FNBP4,10
LTK,10
ACVR1B,10
LCA5L,10
GRM1,10
NTRK2,10
CEP120,10
PARP8,10
PTPN14,10
RARB,10
MCM10,10
HNRNPUL1,10
HLA-B,10
NEK9,10
LOXL3,10
L3MBTL1,10
CWH43,10
ARHGAP24,10
UBR1,10
SLK,10
FAM171B,10
MGAT4A,10
ANO2,10
RBM44,10
STARD8,10
NLRP3,10
MID1,10
IARS,10
ZNF236,10
CACHD1,10
PSMD1,10
MMP16,10
VIT,10
DENND2C,10
GLDC,10
SYBU,10
LILRB3,10
GNPTAB,10
SPINK5,10
JUP,10
USP48,10
FAN1,10
FAM22F,10
ZC3H7A,10
ZNF551,10
AMOT,10
LIG3,10
PGBD5,10
PDE10A,10
ABAT,10
FAM13C,10
DHX9,10
DTX1,10
HEATR7B1,10
DHX15,10
SKOR1,10
RBM33,10
ROCK1,10
FHDC1,10
C14orf43,10
RPS6KA3,10
SEL1L3,10
PITRM1,10
PCDH9,10
ZNF415,10
ZNF423,10
ZFR,10
SYNCRIP,10
WASH6P,10
FCHSD1,10
EIF4A2,10
TRIM42,10
PCDHGB7,10
PCDHGA7,10
POLR2B,10
MSL3,10
YSK4,10
NACA,10
MAP4K1,10
PCDHA12,10
ANKRD36B,10
IARS2,10
KIAA0226,10
PCDHA7,10
EHD1,10
EIF4ENIF1,10
ULK4,10
SMO,10
FAM120C,10
C7,10
CASK,10
ALPK2,10
TBCD,10
PDE6A,10
TMC5,10
HPS4,10
BAAT,10
ANKRD31,10
FAM75A6,10
USH1C,10
EEF2K,10
POU2F2,10
KCNQ2,10
SLCO1C1,10
C3orf20,10
KIAA0319,10
CCDC39,10
KCNA4,10
KDM4A,10
TBX22,10
TMPRSS15,10
RBP3,10
CCDC135,10
TRAK1,10
KIAA1107,10
SYNM,10
SMG5,10
CHUK,10
OR4A15,10
ARMCX5,10
SRRT,10
ARID5B,10
AMY2B,10
COL1A1,10
WDR93,10
SYT16,10
EFCAB13,10
CD97,10
ZNF608,10
CLCA2,10
PROX1,10
PRPF4B,10
PARP14,10
KRT1,10
RTTN,10
LIMA1,10
RAB11FIP1,10
SLC5A5,10
MAGEB1,10
ZFYVE28,10
ZFYVE26,10
COL24A1,10
NCKAP1,10
PHLPP2,10
CD72,10
CACNA2D2,10
PLK2,10
NGEF,10
LARP4B,10
NBPF22P,10
CEL,10
MCM4,10
ATP9A,10
ATP6V1B1,10
PCDHB10,10
PLD5,10
C14orf38,10
ADAMTS5,10
SLC35B2,10
ASTN2,10
SMYD1,10
ZNF710,10
ASCC2,10
GAPVD1,10
INSRR,10
ARHGAP30,10
KDM3B,10
SYNRG,10
POTEM,10
SYCP1,10
ABCB10,10
PPFIA1,10
MOV10L1,10
PCDHAC2,10
TTC21A,10
MRC2,10
TTC39A,10
ZNF365,10
WDR35,10
USP8,10
ACTL6B,10
FAM184A,10
ANKS1B,10
ACSM5,10
NEDD4L,10
GPR158,10
VAC14,10
TPH2,10
GYS1,10
TRPC4AP,10
SEC16B,10
EIF2C1,10
WHSC1L1,10
ATXN2L,10
UACA,10
IL1RAP,10
OR5H1,10
ILF3,10
LRRC37A3,10
PHF15,10
LRRD1,10
SEL1L2,10
SDHAP2,10
MCOLN3,10
ATP7B,10
SIM1,10
ARHGEF9,10
HKDC1,10
CYFIP1,10
ECE2,10
MYH3,10
ATHL1,10
SUGP1,10
KIAA1244,10
ITPKB,10
KIAA0319L,10
AOX1,10
ZCCHC11,10
PRDM1,10
ARHGAP11A,10
GORAB,10
DZIP3,10
PPP6R3,10
ADAM15,10
IL1RL2,10
ASAP1,10
IDS,10
IPO8,10
ELMO2,10
ITGB6,10
EXOC4,10
HOOK1,10
TACC1,10
KCTD3,10
IGSF9,10
FAM160A1,10
NOTCH1,10
PPFIBP2,10
ZBED4,10
PIK3C2G,10
DENND5A,10
PMS2,10
SH2B1,10
PALB2,10
SLC1A6,10
CDC5L,10
DENND4C,10
EIF4G3,10
GALNT8,10
ZNF483,10
HSPD1,10
ZFYVE20,10
CUL9,10
TCP10,10
FXR1,10
ABI3BP,10
COL8A1,10
SLC6A16,10
DENND1A,10
GPC5,10
MTMR4,10
CLEC16A,10
PIK3CG,10
DNAJC11,10
PCDHB2,10
NXPE1,10
ELF1,10
OR2T3,10
ALMS1P,10
DCAF6,10
WDR96,10
IL27RA,10
CILP,10
DGCR14,10
ADAMTS14,10
DALRD3,10
NCOR2,10
PCDHB1,10
PCF11,10
AR,10
AKAP3,10
MRE11A,10
HIP1,10
NEK5,10
USP36,10
ZNF217,10
FAM71B,10
ABCG4,10
KCNB1,10
CCPG1,10
RIC8A,10
TMC7,10
BZRAP1,10
CHSY3,10
ACVR2A,10
FGFR1,10
ZNF532,10
DHX30,10
OR8H1,10
HLA-DRB6,10
KIF6,10
FARP2,10
MYO1H,10
ZNF578,10
AGAP7,10
SLFN14,10
ARHGEF10L,10
SELP,10
NUP107,10
UGT1A4,10
TJP1,10
LILRB5,10
KIR2DL4,10
SCLT1,10
ACAN,10
MTMR8,10
SLC9A2,10
MAPKBP1,10
GRIA4,10
C1orf127,10
PLD1,10
ATP8B3,10
TRERF1,10
ZCWPW1,10
CAMTA1,10
C9orf3,10
KSR2,10
ROCK2,10
KCNMA1,10
MDM1,10
RNF111,10
ATP10D,10
TBC1D9B,10
ZNF229,10
TUBA3C,10
IFT122,10
TSHZ1,10
CLSTN3,10
PCDH1,10
CLASP1,10
SEMA4D,10
KAT2B,10
THBS4,10
PC,10
L3MBTL3,10
SLC16A1,10
ALDH1A1,10
OR4C15,10
RASAL2,10
RFX4,10
FYCO1,10
FRMPD1,10
SMG8,10
EHBP1,10
NRIP1,10
GPSM2,10
AP1G2,10
EIF2AK4,10
OAS2,10
ARHGAP21,10
TAOK2,10
LILRB1,10
TBC1D2,10
MCC,10
NCOA2,10
ROBO4,10
ATXN1,10
ATG2B,10
TIAM1,10
NLRP9,10
GRHL2,10
FLT4,10
SHISA9,10
NXF5,10
CR2,10
CCDC136,10
FAM182B,10
CYP4F11,10
PPP1R1A,10
IQGAP2,10
LARGE,10
ACTN4,10
MBTPS2,10
CADPS2,10
ZNF595,10
PITPNM1,10
CDK5RAP1,10
TBC1D23,10
MARK2,10
REV1,10
DUSP10,10
DROSHA,10
SUPT16H,10
APBA2,10
NCF2,10
SEZ6L2,9
CDC42BPG,9
HK2,9
MKL2,9
CDK14,9
GRM8,9
XRRA1,9
HIST1H2BC,9
EPHA7,9
GTF2IRD2B,9
GPATCH8,9
RAD50,9
CORO7,9
PILRB,9
FGG,9
TBC1D8,9
DENND3,9
KIAA1549,9
MCTP2,9
ABCC2,9
SLCO1B7,9
DAB2IP,9
EXOC3,9
LINGO1,9
FKBP8,9
TRIM49C,9
BRAP,9
ZSCAN2,9
NLRP5,9
FBXL18,9
ESYT1,9
NEFM,9
ZNF675,9
FMO2,9
ITGAM,9
FANCA,9
ZNF160,9
TRAPPC10,9
PRMT5,9
EFEMP1,9
PLA2G4A,9
CNTN2,9
TINAG,9
SMG7,9
GABRA6,9
DCST1,9
VSIG1,9
ZNF93,9
FANCM,9
CNNM2,9
DLEC1,9
RBL1,9
EML2,9
CIC,9
CHN1,9
ADAM12,9
DNAJC14,9
NOMO1,9
DLG2,9
ELK1,9
ZNF814,9
C10orf120,9
NRBP1,9
C5,9
FOXP1,9
LAMP2,9
CNTNAP4,9
TRIM28,9
IMPG2,9
MAPRE3,9
FAM123C,9
CCNL2,9
GBF1,9
PLVAP,9
WAS,9
KCNT1,9
TTC29,9
RANBP6,9
LIMK1,9
SNX25,9
SYNE3,9
SPTLC3,9
SLCO5A1,9
BTK,9
NRAP,9
KLHL14,9
ZC3H11A,9
AMBN,9
IL6ST,9
PCDHGC5,9
ADRA1A,9
ZNF479,9
SLC35F3,9
KIF1C,9
SFI1,9
ABCC11,9
SLC38A10,9
ZMYND8,9
MAP3K15,9
PDZRN3,9
ITLN2,9
CCDC74A,9
PLCL1,9
SOS2,9
RAB39B,9
SH3PXD2B,9
INSIG2,9
POGZ,9
LY75,9
XPC,9
ABCB7,9
ACLY,9
NLGN1,9
CYP7B1,9
MYBPC1,9
AKNAD1,9
TTLL3,9
SSFA2,9
TPTE2,9
USP31,9
POP1,9
STAT2,9
SPTBN5,9
AMPD3,9
UNC5B,9
CATSPERB,9
EPB41L5,9
ZNF799,9
LRCH2,9
ZNF300P1,9
PCDHB14,9
SLC13A1,9
DLG5,9
CTC1,9
F13A1,9
PTPN12,9
LEKR1,9
PDILT,9
ITIH1,9
PTK2,9
OR2J1,9
NAMPT,9
GBP4,9
RNF113A,9
KCNJ15,9
ZEB2,9
MX1,9
FAM5B,9
CD1E,9
PIK3CB,9
L3MBTL2,9
ABCC3,9
BRD8,9
PDE1B,9
MLLT10,9
DISC1,9
C11orf30,9
KIF21A,9
IGF1R,9
SNAP91,9
GABRA4,9
TLL2,9
NRP1,9
RAG1,9
SOX5,9
PYHIN1,9
PKP1,9
NR1D1,9
ABCA7,9
C14orf39,9
TTC7B,9
MAGEE2,9
BCAN,9
TRPC4,9
PSD3,9
ZNF733P,9
SORCS3,9
PIWIL2,9
OR5T1,9
GPR144,9
CLCN6,9
PRR14L,9
CFHR5,9
ZC3H7B,9
TMEM132C,9
NLRP12,9
NOC3L,9
ETV6,9
SLC23A2,9
PPOX,9
DCAF4L2,9
OGDH,9
FTSJ3,9
ANLN,9
SLC39A12,9
HLA-A,9
PDGFRA,9
RBM12B,9
POLR1B,9
PCDHGA5,9
PCDHGA12,9
CYP2S1,9
MYRIP,9
OXR1,9
ENPP3,9
PRRX1,9
SERPINE1,9
CPT1B,9
CCDC80,9
CLCA1,9
TMTC4,9
FGD6,9
FAM71A,9
MKRN3,9
WBSCR17,9
MAPK6,9
PDE4D,9
PRPF6,9
NLRP1,9
NEXN,9
INTS8,9
PPP1R12A,9
DKC1,9
ZBBX,9
AFF4,9
PTPRJ,9
LRRC32,9
KTN1,9
APP,9
MBD5,9
KIAA1804,9
LRRC37A6P,9
KIAA1614,9
NEFH,9
CDKL5,9
HERC6,9
DNM2,9
TRPM1,9
SPAG9,9
SIGLEC6,9
ZNF790,9
CSTF3,9
AARS,9
RHBDF2,9
SLC4A7,9
TRHDE,9
C12orf40,9
ERC1,9
RRP12,9
C10orf2,9
CDC42EP1,9
GSDMC,9
COL6A2,9
CPQ,9
SLC13A2,9
SH2D2A,9
C3orf77,9
RBM19,9
CEP85,9
MYLK2,9
SPPL3,9
AXIN1,9
KIAA1324L,9
SWT1,9
PHKA1,9
PCDHA5,9
TRPA1,9
ZSCAN5C,9
PDZD4,9
ASB10,9
FAM22G,9
BCHE,9
IGF2BP2,9
SEMA5B,9
CARS,9
RPGRIP1L,9
QSOX1,9
PTCHD3,9
DIAPH1,9
VIL1,9
ZNF638,9
ZDHHC11B,9
WAC,9
WDTC1,9
TCEB3,9
SLC8A3,9
ENPEP,9
BNC2,9
TSHR,9
SF3B3,9
SLC6A9,9
GRAMD1B,9
SMCR8,9
CPT1C,9
KLF15,9
SLC9C2,9
MYO1A,9
KDM3A,9
SLCO2A1,9
ELN,9
PHC3,9
CDH10,9
SUV420H1,9
CD93,9
TRDN,9
PTCH2,9
TNPO3,9
FLAD1,9
LINC00200,9
MAPK4,9
XKR4,9
PBRM1,9
BTBD3,9
FAM190B,9
EPB41L2,9
ASCC3,9
CHGB,9
C14orf102,9
SUSD4,9
RUFY2,9
L3MBTL4,9
RNF40,9
DAAM2,9
TEKT5,9
ARHGEF4,9
RFX3,9
LPHN3,9
ZNRD1-AS1,9
KCNH5,9
DHTKD1,9
OR8H2,9
SKIDA1,9
SLC38A9,9
ZNF37BP,9
WIZ,9
SNHG14,9
MST1R,9
CGNL1,9
ZNF560,9
PCDH7,9
SPICE1,9
ZNF780A,9
FAM205A,9
GRIN2C,9
CCDC18,9
PLA2G4D,9
RNF182,9
IQGAP1,9
PPP2R3A,9
RNLS,9
ZNF429,9
EXOC2,9
PIGG,9
SPAG5,9
GABRG1,9
MGAT5B,9
ZNF518A,9
NEK10,9
PABPC3,9
INTS4,9
FAM111A,9
INO80,9
KIAA0753,9
FMN1,9
CCDC27,9
AKNA,9
HJURP,9
ADAM19,9
SIGLEC9,9
LEPRE1,9
CTNNBL1,9
IGSF3,9
SCYL2,9
PRTG,9
ZNF786,9
PDZRN4,9
NUAK1,9
MEF2C,9
PSIP1,9
TTF2,9
TTLL7,9
PTBP1,9
ZNF718,9
ZFP36L1,9
ARMCX1,9
RPH3A,9
EVC2,9
STON1-GTF2A1L,9
LRRC15,9
EWSR1,9
ZFP91,9
PPFIBP1,9
EVI5,9
CYP2C19,9
CPA1,9
HKR1,9
SEMA3C,9
FXR2,9
GPAM,9
POU6F2,9
DIAPH3,9
CUX1,9
KCNH8,9
ZBTB38,9
EPN1,9
JPH4,9
CC2D1A,9
GRIK3,9
PRKD3,9
LRRC37A4P,9
CYB5R1,9
GPR110,9
MICAL2,9
IMPG1,9
MORN1,9
VCAM1,9
ARHGEF40,9
PCDHA3,9
TFAP2A,9
HACE1,9
AHI1,9
FRMD6,9
WNT7A,9
SH3BP4,9
OSBPL10,9
LIPN,9
PIWIL3,9
HPS3,9
RECQL5,9
GPC2,9
FBXW10,9
FOXJ3,9
RIMS1,9
HDAC4,9
ALAS2,9
LRRIQ4,9
UTP14A,9
OR4S2,9
ARMC9,9
LEPR,9
TAF1B,9
SLITRK4,9
SEC24C,9
RASGRP2,9
CXorf57,9
IGDCC3,9
ALOX12,9
TTYH2,9
HDAC1,9
KIAA0586,9
OR11L1,9
RTN4,9
SPG20,9
HLA-C,9
RBM27,9
KIAA1328,9
BCAT2,9
GOLGA1,9
FRMD3,9
PPFIA3,9
ARHGAP32,9
ALDH1A3,9
POLG,9
HS3ST4,9
A2M,9
RGS3,9
EIF5B,9
SARDH,9
ITK,9
RPS6KA1,9
CYP24A1,9
PIAS2,9
EIF3A,9
PPM1E,9
USP13,9
CNGA4,9
PRAMEF2,9
ZNF534,9
PDGFRB,9
HPSE2,9
ZNF780B,9
INTS3,9
MAN2A2,9
DNAI1,9
POTEJ,9
UBXN11,9
TDRD5,9
XDH,9
CPNE8,9
PYGB,9
PDIA5,9
ABCB8,9
MAGEB4,9
PDZD7,9
ZNF167,9
SUZ12,9
EFTUD2,9
BAP1,9
CAPN1,9
EPC1,9
DENND2D,9
ZNF521,9
GPNMB,9
VPS16,9
MARCH10,9
NOP2,9
HMGCS1,9
KL,9
TSPAN14,9
ZNF460,9
ARHGAP36,9
KRT9,9
FAM188B,9
CACNA1I,9
MAPK8IP3,9
CCDC60,9
EXT1,9
KIF15,9
WBP11P1,9
FLRT2,9
ATP2C2,9
RAB11FIP5,9
PDPR,9
NLRP11,9
MYOCD,9
USP5,9
OR5I1,9
NR5A2,9
ETV5,9
MAST2,9
LRP6,9
BRSK2,9
HLA-DRB5,9
OFD1,9
PLB1,9
SLC23A3,9
RBM6,9
TNS4,9
MYT1,9
PRKRIR,8
CCND3,8
WHSC1,8
BRPF1,8
PNMAL1,8
SMTNL1,8
OSBPL8,8
ANKLE2,8
KIR2DL2,8
LRRC4B,8
CNKSR1,8
TRAFD1,8
SYT11,8
ZNF251,8
OR4K2,8
SLC22A16,8
DNM3,8
LILRA6,8
MCAM,8
GLB1L3,8
ITGB4,8
VPS52,8
ZC3H6,8
OR5M11,8
ELF4,8
GTF2IRD2,8
NCSTN,8
ZNF335,8
CTNNA3,8
VEZT,8
KLHL4,8
DUSP16,8
TTC17,8
OR6K6,8
CBL,8
ZNF131,8
VCX3B,8
TBC1D1,8
SRSF11,8
ZNF394,8
CUL4B,8
PPP2R5B,8
ZNF461,8
TUBGCP4,8
ETS1,8
MAP3K12,8
ATXN7L1,8
MAN2C1,8
NBPF9,8
LRRC1,8
CLTC,8
LRGUK,8
MTO1,8
EYA4,8
CBLC,8
CASKIN1,8
LIMCH1,8
PCDHGA6,8
KPRP,8
VAV3,8
NLRP8,8
COX10,8
PDE6C,8
PSG8,8
POLR3A,8
FEZ1,8
C17orf53,8
FLI1,8
AHDC1,8
POU3F4,8
LY9,8
LRRN3,8
ICK,8
GOLGA8DP,8
KIF26A,8
EDA2R,8
CHRNB4,8
MEIS1,8
BEST1,8
MYCBPAP,8
MAGEC2,8
ZPLD1,8
LINC00283,8
TSC22D3,8
METTL2B,8
PIK3R3,8
ZNF324,8
CELA3B,8
C5orf25,8
MLH1,8
CUL5,8
CHTF18,8
DPYSL5,8
OR11H1,8
CYP2D7P1,8
PTPRO,8
PI4KB,8
VPS41,8
EMR3,8
MBTD1,8
OCSTAMP,8
FUK,8
NPAS2,8
ASIC3,8
LRRC37A11P,8
KCND1,8
GPATCH2,8
CTNND1,8
HNRNPA2B1,8
LDLR,8
ADAM23,8
TRMT2A,8
USP12,8
DNTT,8
KERA,8
PAM,8
OVCH1,8
CCRL2,8
ZBTB41,8
ZHX1,8
INTS5,8
FMR1,8
PTPN4,8
SLC38A4,8
IL4R,8
RPLP0,8
TSR1,8
TPP2,8
MON2,8
MPHOSPH8,8
ABL1,8
LGR6,8
SSTR4,8
PCDHGB3,8
BOC,8
SYTL2,8
PAN2,8
WDR46,8
ZEB1,8
TIMP3,8
TPM2,8
PEX6,8
TRIM55,8
UBE3C,8
SLIT3,8
KIAA0664,8
POTEH,8
RHOA,8
CCDC14,8
SLC15A5,8
LPP,8
RAD54L2,8
CSF2RA,8
RTEL1,8
FAM98C,8
NCAN,8
RPS6KA6,8
LARS,8
SAFB2,8
PREPL,8
ILKAP,8
ZNF507,8
MATN2,8
RBM20,8
SERPINC1,8
CARD9,8
KRI1,8
PIK3C3,8
KIF7,8
UCK2,8
COASY,8
ZNF846,8
EPHA3,8
BORA,8
PTPRA,8
SLC26A4,8
OR6X1,8
RNF19A,8
USO1,8
ZNF267,8
DSG3,8
DLGAP2,8
ABCG1,8
SPARCL1,8
ZNF135,8
ZNF143,8
SOS1,8
SLC4A1,8
HORMAD1,8
SLC25A14,8
ZNF90,8
ARHGAP25,8
MEGF11,8
RBM26,8
GOLGA8J,8
RASSF5,8
USP1,8
PPIP5K2,8
PLIN4,8
CES5A,8
PCDH17,8
ZNF808,8
KIT,8
TCEB3B,8
MCM7,8
FBF1,8
RGS12,8
ANKFY1,8
WWC1,8
ANKRD50,8
TNKS,8
OMA1,8
UGT2B15,8
RBFOX1,8
OR6P1,8
TMTC2,8
MAP4,8
PRKCG,8
CCDC173,8
CCT6B,8
SLFN12L,8
KCNJ2,8
ARHGAP42,8
LRSAM1,8
RUSC1,8
SARM1,8
ARMCX2,8
ANGPT1,8
KIAA1468,8
TCTN1,8
MIB1,8
ZNF611,8
CRB1,8
SYT6,8
KIAA1257,8
CSE1L,8
HSP90AB1,8
TMIGD2,8
SLFN13,8
SRL,8
TRIM24,8
ZSCAN12,8
ATP13A5,8
KIAA0196,8
WDR49,8
RAI2,8
CTNNA1,8
MCOLN1,8
ARMC4,8
ZFP36L2,8
CDC25C,8
CYP11B1,8
SLC6A5,8
INPP4B,8
ZC3H12C,8
PELP1,8
AKR1C1,8
ZNF565,8
ZNF676,8
SMYD4,8
KRIT1,8
PRDM9,8
CDYL,8
MYOM1,8
ACSL5,8
BTN3A1,8
OR5D16,8
NR4A3,8
PROX2,8
TGFBI,8
UGT2A1,8
NSUN4,8
GABRQ,8
PPP2R3C,8
PIP5K1A,8
EDC4,8
INPP5F,8
SEMA3A,8
GTF2IRD2P1,8
SMYD2,8
PTPRH,8
GABRA3,8
THBS3,8
EFR3B,8
FAM129C,8
RLTPR,8
PSME4,8
COG3,8
DTX3L,8
ZNF75D,8
CLASP2,8
CDC73,8
HS3ST5,8
CD22,8
LRRC8A,8
INTS2,8
CAMK2A,8
CLK2,8
NCAPD3,8
ENPP4,8
PLXNC1,8
ZFP112,8
CUL3,8
PHLDA1,8
KIAA0020,8
KIAA0556,8
ATP6V0A1,8
CIITA,8
ARMC3,8
USP45,8
DMGDH,8
TCF7L2,8
DHX8,8
TTLL6,8
ABL2,8
PSG6,8
CENPI,8
ABCC10,8
VPS4B,8
GPR111,8
PABPC4L,8
OPA1,8
DDX55,8
SPAG16,8
FLVCR1,8
SPTLC2,8
VNN2,8
C10orf71,8
ABCB5,8
DCAF11,8
ACTG1,8
GAS6,8
TTBK2,8
PTPRN2,8
HSPA12A,8
ELP2,8
SIRPB1,8
ZNF613,8
ADAMTSL4,8
ADCY3,8
EXOSC9,8
ARHGAP12,8
FAM98A,8
AOC2,8
ZNF492,8
ANKFN1,8
ANAPC5,8
KCNJ6,8
CSDE1,8
GBP7,8
ETS2,8
MTTP,8
SMC1B,8
NTRK1,8
OTOP2,8
PSMC4,8
GALNTL5,8
FAAH,8
ZAK,8
SEMA4G,8
ATP6V0A4,8
GPATCH1,8
TESK2,8
TMCC3,8
KLHL8,8
ELFN1,8
DYRK3,8
AP4E1,8
NFKBIZ,8
CNGA3,8
TUBGCP2,8
GPR39,8
ING1,8
BPIFB3,8
TNKS2,8
TOP3A,8
KIAA0146,8
ALOXE3,8
GALNT5,8
CDCP1,8
CCDC62,8
CBX8,8
TRABD2A,8
NR3C2,8
TPO,8
ADAMDEC1,8
HIF1A,8
CAND1,8
PMS1,8
ITGAL,8
SSX2IP,8
LAMB3,8
FTSJD1,8
TBX5,8
AGBL3,8
BAIAP3,8
DBH,8
MLC1,8
ZP1,8
ZNF644,8
NEBL,8
NEO1,8
C14orf37,8
FAP,8
NAA25,8
ATRN,8
CNGB3,8
DEAF1,8
C2orf78,8
PRG4,8
ZBTB5,8
SLITRK1,8
ZBTB4,8
OR5L1,8
TCOF1,8
NCKAP1L,8
DCAF12L1,8
ZKSCAN1,8
FSTL4,8
GPR32,8
FAM155A,8
COL13A1,8
SMC6,8
FGD4,8
ABCB6,8
LBR,8
CDK11A,8
KCNK2,8
TLR5,8
THEMIS,8
USP39,8
CAMSAP3,8
IFI44,8
KCNK18,8
TRIM49B,8
FAM193A,8
SCYL3,8
SIGLEC5,8
MPO,8
RC3H2,8
MEN1,8
CPT1A,8
CKMT2,8
ARHGAP26,8
SETD5,8
PGK1,8
CLCN4,8
EMILIN2,8
POLA2,8
OVGP1,8
HIRA,8
MST1,8
SLCO1B3,8
RPAP1,8
RNF20,8
IGDCC4,8
KRT86,8
HDAC5,8
ZSCAN20,8
AQP12A,8
RBM10,8
HNRNPU,8
RANBP3,8
LGR4,8
NDUFS2,8
SENP7,8
NCL,8
IDI1,8
ATP4A,8
UBA6,8
SEC14L5,8
ZNF254,8
RNF219,8
NEK1,8
NR1H2,8
SP3,8
REC8,8
HECTD2,8
PEX5L,8
KRTAP5-1,8
IBTK,8
PCID2,8
INTS4L2,8
KBTBD6,8
OR13C8,8
KCTD19,8
ZNF700,8
KRT82,8
SRPK2,8
KIAA1551,8
MAGEL2,8
NUP210,8
ZNF800,8
C6orf170,8
CCR2,8
GPR142,8
UBE2Q1,8
NMT1,8
PFAS,8
GPC6,8
PTGS2,8
PHF14,8
KMO,8
FNDC3A,8
MYO1E,8
TAS1R2,8
MLPH,8
GIGYF2,8
PGAP2,8
MCOLN2,8
HAUS6,8
IRAK1,8
IDE,8
POU4F2,8
CDH19,8
RAD21L1,8
PPP3CA,8
HEATR5B,8
KLHL7,8
ELAC2,8
GABBR2,8
XPO7,8
SETD1A,8
SCRIB,8
ZNF518B,8
SYCP2L,8
SLC37A2,8
SEC31B,8
PCK2,8
HOOK2,8
GBE1,8
STAG3,8
ACCSL,8
DZIP1L,8
STK10,8
MYO1F,8
GNPAT,8
NUPL1,8
PTENP1,8
KCNK9,8
ACSBG2,8
TMEM74,8
IGKV3D-20,8
C20orf112,8
ANKS6,8
ENPP1,8
E2F8,8
SREBF2,8
GNL3L,8
MTR,8
GPR133,8
HTR2C,8
LARP7,8
ZNF805,8
SLX4,8
NDST1,8
ADCY1,8
RPRD2,8
WDR11,8
FGA,8
RPRD1B,8
GRIP1,8
ZSCAN5A,8
PAK7,8
SLC36A1,8
EFHA2,8
DYNC1I1,8
P2RY10,8
NCOA5,8
EIF2C3,8
PRKD2,8
NLRX1,8
ARMC5,8
OR2G6,8
PARP15,8
ZNF717,8
UPF3B,8
MICALL1,8
PPP1R12B,8
PCDHB13,8
DACH2,8
COL4A3,8
C1orf168,8
DHDDS,8
ZCCHC2,8
NCAM1,8
CRISPLD1,8
CCDC74B,8
ZNF626,8
FCRL2,8
MUC7,8
PRDM15,8
OR8K1,8
MERTK,8
RIN2,8
ZNF180,8
NOS1AP,8
SDCCAG8,8
PARP6,8
CCDC132,8
SKIV2L,8
ZNF681,8
ANKRD18B,8
OSMR,8
P2RY1,8
SLC24A4,8
SLC6A13,8
ACTA1,8
XPNPEP3,8
EGFR,8
C20orf132,8
RFX6,8
PRDM10,8
KIAA1383,8
DLGAP1,8
COL28A1,8
WNK2,8
EPHB6,8
IRF3,8
ZAP70,8
ZFP28,8
ZNF431,8
SLC5A12,8
KBTBD4,8
PARPBP,8
ARHGAP28,8
SMC5,8
HMGXB4,8
OGDHL,8
OR52K2,8
PRRG3,8
CTNNAL1,8
TRAF3IP3,8
ACSF2,8
UCP2,8
GPR128,8
ATP1A2,8
MPHOSPH9,8
SOGA2,8
EPHA1,8
ZNF625,8
NSUN5,8
GUSBP11,8
C17orf104,8
MARK1,8
PDE5A,8
UNC13B,8
ZNF397,8
MBD6,8
ZNF761,8
EPAS1,8
FAM65B,7
ZKSCAN5,7
PRPF40B,7
ZNF79,7
STAT3,7
FBXO34,7
GPSM1,7
C1orf129,7
RFX1,7
ZNF16,7
ZNF300,7
ATP11B,7
GPR108,7
BRE,7
APLF,7
RNF14,7
RGPD2,7
SMC2,7
HGSNAT,7
KNDC1,7
KRT25,7
MORC3,7
MR1,7
XYLT2,7
MTA2,7
MYO1D,7
SLC7A9,7
TRPC3,7
TOX4,7
SLC6A3,7
NCAPD2,7
NCOA1,7
MTSS1,7
NFKB2,7
VPS39,7
NDRG1,7
NLGN2,7
DAP3,7
SH3TC1,7
OGT,7
B4GALNT2,7
PCM1,7
PASD1,7
SEC63,7
KIF4B,7
FAM194B,7
DNTTIP2,7
CD86,7
ZIM3,7
GTF3C2,7
SPPL2C,7
POPDC2,7
IL16,7
PLAT,7
HERC2P3,7
SNTB1,7
SPRY3,7
TLR3,7
HSPA4,7
HTR2A,7
ENTHD1,7
ITFG3,7
SEMA4A,7
TBL1X,7
ITIH4,7
PCSK7,7
SMC3,7
KCNF1,7
EIF2B5,7
EFCAB12,7
FAM82A1,7
IRAK3,7
DCST2,7
MAGIX,7
TLE3,7
TXNRD1,7
UBTF,7
EPB41,7
GLT8D1,7
KRT16P3,7
VPS45,7
FASTKD2,7
WDR60,7
ANKRD35,7
TECPR2,7
TUBB8,7
KIF2A,7
ZNF829,7
VEZF1,7
VPS53,7
DNAJB12,7
ABCE1,7
ULK2,7
NNT,7
TGM7,7
MCPH1,7
SYNPO,7
ZSWIM4,7
PLIN1,7
CEP89,7
PTK7,7
FAM116A,7
KRT2,7
ZNF548,7
WWP1,7
LTF,7
ARHGEF26,7
SMARCA5,7
SMAD2,7
PCDHA6,7
ANKRD32,7
ZRANB1,7
MRPS31P3,7
SNED1,7
MFSD11,7
PTK2B,7
PLS3,7
MYO3B,7
TTC38,7
SMARCAL1,7
DFNA5,7
MFSD4,7
GPR84,7
CD4,7
COL25A1,7
SEPT9,7
CPNE4,7
GSPT2,7
FMO3,7
DPCR1,7
HS6ST2,7
ZCCHC8,7
TYRO3,7
EEF2,7
VAV1,7
CNGA2,7
CDH17,7
EPS8,7
WDR47,7
SPAM1,7
TICRR,7
CD19,7
MSH5,7
CDC6,7
C3orf30,7
PTCHD2,7
FSTL5,7
CARM1,7
ACAD11,7
PARP9,7
CXCR3,7
PDE3B,7
RMND1,7
HPX,7
SIRPG,7
RAB13,7
SLC5A6,7
POMGNT1,7
SRRM1,7
PHLDB3,7
BMPR1B,7
HPS5,7
C12orf55,7
C1R,7
PORCN,7
KRT19,7
ZNF445,7
P4HTM,7
CRNN,7
ATXN7,7
FAM214A,7
CEP57,7
SCAF1,7
RSPH6A,7
SLC7A3,7
KANSL1,7
FANCC,7
ZNF48,7
OR2L2,7
CCDC13,7
DSEL,7
TMC3,7
EML4,7
TMPRSS7,7
PALLD,7
CPEB2,7
RFPL1-AS1,7
ZNF609,7
PLXND1,7
TPSAB1,7
PLCB2,7
SLC12A3,7
ATF7IP,7
APBB1IP,7
FAM184B,7
FAF1,7
RBMXL1,7
SMAD4,7
EXO1,7
ERCC6L2,7
ENSG00000248710,7
SLC30A10,7
SLC26A3,7
COMP,7
NELL2,7
OPRM1,7
SGPL1,7
SLCO3A1,7
SLC17A2,7
TRIB2,7
SLC16A14,7
ACRBP,7
ACSL4,7
SYTL3,7
WASF1,7
GLI1,7
PCED1B,7
GABRR3,7
OR10G4,7
PCDHB3,7
WNT2B,7
NOD1,7
MMS19,7
OR14I1,7
LMO7,7
KCNA6,7
OR4C12,7
MINK1,7
ASNSD1,7
ZMAT1,7
SGK1,7
ZNF181,7
MKNK2,7
MOCOS,7
EP400NL,7
FOXN1,7
ADCY4,7
FAM169A,7
ADH5,7
BCAR1,7
AXL,7
MFSD6,7
ZNF816,7
ATP2C1,7
AQR,7
CHST15,7
LRP5,7
ESF1,7
PM20D1,7
PLXDC2,7
PLEKHA4,7
ADRBK1,7
CD200R1,7
ULK1,7
PLCD4,7
UQCRC2,7
PBX2P1,7
GP2,7
IL13RA2,7
ZNRF3,7
BBS10,7
FLT1,7
CREB3L3,7
FBXL2,7
DDX58,7
EGFL6,7
ESYT3,7
EXOC7,7
DEPDC4,7
SF3B4,7
ZRSR1,7
CCDC171,7
ATP12A,7
SIN3B,7
STRA6,7
TRIM34,7
LILRA2,7
DDX5,7
RGL2,7
KLHL6,7
ITGB1,7
ACTL9,7
RASGRF2,7
SATB2,7
WISP2,7
SLC30A9,7
GAS2L3,7
GLCE,7
KBTBD10,7
RBM25,7
SLC41A1,7
NT5C1B,7
DAB2,7
DCTN2,7
SH3D19,7
FLT3,7
MANBA,7
RRNAD1,7
TMEM151B,7
RHOT1,7
CHRM2,7
TCHHL1,7
CEP78,7
PCDHGA9,7
OR2T27,7
TMEM63B,7
DISP2,7
CNBD1,7
SLC24A1,7
MAP3K9,7
LRRN2,7
LIG1,7
INHBA,7
PSG1,7
NPAP1,7
HCN4,7
TAAR2,7
KIAA0528,7
ASMTL,7
FBXW2,7
GTPBP4,7
RBM14,7
ADAMTS1,7
SCMH1,7
PRDM16,7
PADI3,7
OR10J1,7
SLITRK5,7
STAC,7
TAF4B,7
TCTN2,7
ZNF76,7
TIMM44,7
ZNF572,7
ZFAND4,7
WDR76,7
YTHDF1,7
ZNF726,7
ZSWIM6,7
TSNAXIP1,7
WDR62,7
IL12RB1,7
SNX19,7
CEP68,7
CHFR,7
CCDC63,7
ZNF749,7
OSBPL3,7
HIF3A,7
PAXIP1,7
PLXNB1,7
C3P1,7
DIS3L2,7
FYB,7
KIF19,7
PRPF3,7
GALNT9,7
NLRP4,7
NRG3,7
AXDND1,7
YY1AP1,7
POLD1,7
XRCC4,7
HSPA8,7
UGT8,7
TEX14,7
MAVS,7
PLBD2,7
C12orf36,7
ZP2,7
GPR161,7
ZFYVE19,7
VPS11,7
AVIL,7
PAG1,7
TTC18,7
PHF16,7
GDF9,7
C3orf52,7
C1orf114,7
BMP2K,7
BICC1,7
TOP2B,7
FNDC4,7
LPO,7
ARAF,7
MNDA,7
VWA7,7
ZNF705G,7
GRID2IP,7
ATG16L1,7
SYT17,7
OR11H12,7
PRDM14,7
PTGIS,7
TSSK1B,7
ZZZ3,7
GPR50,7
CCT3,7
CAPN3,7
ZBTB22,7
MYBPC3,7
SLC46A3,7
OR2L8,7
APLP1,7
IQCG,7
ZNF333,7
SSH2,7
GABRA1,7
SMEK2,7
PTHLH,7
ANO6,7
C11orf63,7
LRRTM4,7
NFKB1,7
HMGCR,7
BRD1,7
SLC9A6,7
TTBK1,7
ZNF43,7
BTNL3,7
BEND2,7
ARHGEF6,7
GPR113,7
SENP1,7
PFKP,7
PIGR,7
KIAA1211L,7
PLEKHM1,7
CDH7,7
UMOD,7
TRIM13,7
GCFC1,7
GOLGA2P5,7
CUX2,7
HNF1A,7
KIAA1841,7
LINGO4,7
LMAN1L,7
SGSM3,7
SBNO2,7
OR4N4,7
PPP1R21,7
KIAA1199,7
KANK4,7
PROM1,7
FAM22D,7
RBMS3,7
COPG1,7
RIN3,7
SLC16A2,7
ZNF618,7
SLC9A8,7
TBC1D5,7
VWCE,7
UGT2B4,7
UBE4A,7
FGF23,7
FIGN,7
EPHB4,7
PDXDC1,7
AP2A1,7
DCAF8L1,7
EXT2,7
IL17RD,7
TP53BP2,7
TEC,7
ZNF528,7
ZNF546,7
PRAMEF1,7
RABEP1,7
SAP130,7
PRPF38B,7
GALNT13,7
PRAME,7
AXIN2,7
OR10H4,7
NPFFR2,7
MUM1L1,7
CAND2,7
CC2D2A,7
MED15,7
CDH16,7
CKAP2L,7
CYP4B1,7
FAM91A1,7
ITGA7,7
TLR1,7
HS3ST2,7
CD9,7
UFL1,7
CCNT1,7
CCDC82,7
OR7C1,7
AKAP1,7
COL15A1,7
STRN3,7
PDE4C,7
SPATA21,7
BMS1P4,7
RNF214,7
SLC35F1,7
PHTF2,7
LONRF2,7
ILF2,7
GPR101,7
R3HDM2,7
THSD4,7
STRN,7
FAM153B,7
MRPS27,7
TAF2,7
MTMR12,7
KCNV1,7
RUFY3,7
NOL8,7
OR2T8,7
MTRR,7
LRRC43,7
AGRN,7
TAF5L,7
ABCA2,7
SLC26A5,7
ARHGAP23,7
DSTYK,7
PRSS35,7
PPEF2,7
GDPD2,7
ZNF283,7
LZTS1,7
MAB21L1,7
JAK2,7
INPP5J,7
IFI35,7
RASGRP4,7
THAP9,7
GLUL,7
EPB41L1,7
ATG4A,7
ARHGAP20,7
CCDC112,7
ANGEL2,7
PCBP2,7
ARHGAP33,7
TLL1,7
RASGEF1C,7
FAM193B,7
ASAP2,7
ADD1,7
ACTRT1,7
KIFC3,7
CARD10,7
APBB3,7
CSRNP3,7
MAP3K11,7
PTBP2,7
FAM86EP,7
CYTH4,7
GK,7
DCAF10,7
RTN3,7
FOXJ2,7
RHOBTB2,7
CEP112,7
ZDHHC11,7
SLC9A1,7
ALCAM,7
TDRD1,7
SAMD4A,7
DPY19L3,7
USP32P1,7
CA11,7
C11orf84,7
ATRNL1,7
RABGGTA,7
DHX37,7
F13B,7
CCIN,7
ALDOA,7
PTPRK,7
VILL,7
APOL2,7
USP11,7
EFCAB7,7
GALNT10,7
GMIP,7
PTPRVP,7
PDIA4,7
MORC4,7
PHEX,7
NPNT,7
OR51B4,7
NR1H3,7
PCDHB5,7
LTN1,7
PNLDC1,7
KDM4B,7
KCNK16,7
TRIM4,7
TRIM29,7
TXNDC16,7
TUBGCP3,7
TRAF4,7
MPEG1,7
SYN2,7
NPAT,7
BAHCC1,7
POC1B,7
SDPR,7
MTMR11,7
MTHFD1L,7
MAN1A1,7
MAMDC2,7
LRRC8D,7
STAM2,7
GBP6,7
RAPGEF1,7
LGI1,7
TNPO1,7
LAMC2,7
POTEI,7
RGS4,7
IWS1,7
IQSEC3,7
PPARGC1B,7
SFPQ,7
SLC4A8,7
ZNF17,7
KLHL13,7
LZTS2,7
GRK1,7
CCDC158,7
PLA2G15,7
TFPI2,7
SPRED1,7
SMEK1,7
MAGEB10,7
SLC38A2,7
CCT8,7
METAP1,7
SCEL,7
GAB2,7
RC3H1,7
PRPF40A,7
GLG1,7
OR10C1,7
TDRD12,7
FUBP3,7
PDE9A,7
EXOC1,7
LRRFIP1,7
PAX5,7
ENTPD5,7
PACS2,7
FAM120A,7
CYSLTR1,7
CLN3,7
SASH1,7
CERCAM,7
LMOD1,7
C16orf62,7
OR6B1,7
PVRL2,7
BFSP1,7
B3GALTL,7
AVPR1B,7
ATG7,7
ZNF586,7
ZSWIM2,7
AGL,7
ALAS1,7
OR2T10,7
FHOD1,7
ABCF2,7
SLC24A3,7
ANO1,7
KCND3,7
THNSL1,7
SLC46A1,7
CD47,7
CREB5,7
FMNL2,7
KIAA0317,7
NR1H4,7
GABRA5,7
ERC2,7
BTNL8,7
CPD,7
GGA1,7
DPEP3,7
FMO4,7
OAS3,7
PUM2,7
F2R,7
ELFN2,7
DPYSL3,7
SENP6,7
DDX27,7
CXorf58,7
CCDC172,7
CPEB1,7
ZNF630,7
CLSPN,7
CLMN,7
CHRNB2,7
GP6,7
CHM,7
MED25,7
TRIM67,7
CDH4,7
CD300LG,7
CCDC146,7
SLCO4C1,7
ZNF496,7
PABPC4,7
CNDP1,7
MAGEB6,7
KANK1,7
MYCT1,7
AP3D1,7
FAM13A,7
ZNF28,7
VRTN,7
ZNF791,7
OR56A1,7
SP4,7
FERD3L,7
FATE1,7
PCSK4,7
HCN1,7
PRICKLE2,7
TOX2,7
WBSCR28,7
PCDHGC4,7
SP1,7
FOXM1,7
FGF18,7
NR6A1,7
CCDC57,7
NEDD4,7
HLF,7
PIK3CD,7
GOLIM4,7
TTC37,7
CDH11,7
SLTM,7
HYAL2,7
PQBP1,7
SCUBE2,7
ETV1,7
MAGEB16,7
ZBTB10,7
DPP4,7
CYHR1,7
DGKB,7
TRPM4,7
SLC22A25,7
GOLGA6L5,7
TMEM132A,7
ZNF347,7
FAM22B,7
NOP14-AS1,7
MYBL2,7
GRIP2,7
ZMIZ1,7
RTN2,7
NPIPL2,7
USP4,7
ZNF473,7
ARHGEF28,7
PHACTR3,7
RABGAP1,7
KCNH3,7
TAS2R16,7
SERPINA12,7
MCF2,7
SLCO1A2,7
C6orf118,7
GIGYF1,7
INPP4A,7
FOXRED1,7
TTC25,7
TSPEAR,7
TTC21B,7
SRRM4,7
CYP26B1,7
PCYT1B,7
NLRP10,7
SRGAP3,7
ZC3H12A,7
MAN1A2,7
SMPD4,7
CCDC87,7
SEMA6C,7
PSMC6,7
PIK3R5,7
CHRNA1,7
PNPLA7,7
ARHGEF19,7
SEMA3D,7
EIF2D,7
GOLGA8G,7
SPATA31J1,7
TRPV6,7
FAM86DP,7
CNPY3,7
SPRY1,7
TROAP,7
ZNF777,7
TBC1D21,7
SLC6A10P,7
CLDN6,7
MAPT,7
OR2T33,7
FBXO24,7
KRTAP10-4,7
TMCC1,7
CROT,7
IL1RL1,7
FOLH1B,7
EPHB3,7
DNM1,7
CORO1C,7
C10orf112,7
PKN1,7
BCL2L11,7
CHAF1A,7
RPS6KA2,7
STAT5B,7
CAST,7
PDE1C,7
PUM1,7
CLEC18B,7
CCDC141,7
CTCFL,7
EBF1,7
EML1,7
CTTNBP2NL,7
LAMC3,7
RNF10,7
CYLC2,7
PPP4R4,7
SCAND3,7
TMEM117,7
ITGB5,7
EBF2,7
KIAA0240,7
DLX5,7
HNRNPH2,7
CBWD1,7
ECEL1,7
TAF3,7
DCAF8L2,7
MKKS,7
SPTY2D1,7
TC2N,7
NDNF,7
MC1R,7
KCNH4,7
HNRNPR,7
TBX18,7
IGSF22,7
SUSD5,7
LRFN2,7
STK33,7
DPP8,7
ALG13,7
CIZ1,7
ACTN1,7
SLC10A4,7
CEP164,7
ANO5,7
TTLL4,7
FOXO4,7
LIPE,7
CYP2C18,7
FAM179A,7
EPS15,7
CHL1,7
ATF6,7
NT5E,7
SYTL4,7
KRTAP4-7,7
USP47,7
ICOSLG,7
HIPK3,7
ARPC2,7
GLE1,7
GDPD4,7
ADAMTS18,7
ZSCAN23,7
NFE2L2,7
KLHL38,7
AP4M1,7
DAGLA,7
EGR1,7
RBM39,7
ZNF366,7
GTPBP8,7
SEC31A,7
FAM127B,7
USP53,7
MED24,7
TRIM6,7
PPM1F,7
LRRN1,7
RPS6KC1,7
HYOU1,7
GPR97,7
PRUNE,7
ZXDC,7
SOCS6,7
SASS6,7
PPARGC1A,7
KLHL24,7
SLC12A6,7
LHX9,7
TREML3P,7
CCDC170,7
MAST3,6
ENG,6
PADI2,6
PALM3,6
ZFPL1,6
LRIT3,6
CASC4,6
RASSF2,6
ESR1,6
UGT1A1,6
PARK2,6
PBXIP1,6
GALNT6,6
HMGCLL1,6
EFHC2,6
SNRK,6
NFATC1,6
SSH3,6
USP29,6
ZSCAN16,6
ZNF668,6
STK11IP,6
VRK3,6
OR4M2,6
SMURF2,6
SHC4,6
SLC36A2,6
GNAZ,6
OR5AK2,6
OR5D14,6
OPHN1,6
CCDC17,6
TAOK3,6
THAP5,6
LMBR1L,6
C9orf96,6
C9,6
RAB6A,6
C7orf10,6
ERAP2,6
RPGRIP1,6
C16orf96,6
C16orf59,6
POLN,6
CELF2,6
OR13J1,6
SYT4,6
PKN3,6
SLC39A7,6
LRFN5,6
TGM5,6
TMCO3,6
HMG20A,6
ZBTB49,6
DYX1C1,6
ZNF239,6
USP43,6
PTDSS1,6
HNRNPD,6
PIGN,6
SERPINA1,6
PIK3C2A,6
API5,6
PCGF6,6
UBQLN4,6
TSPAN12,6
DSG4,6
RPS6KB2,6
GUCY1A2,6
NEUROD6,6
ECM2,6
NHLRC2,6
BUB1B,6
DDR1,6
GALNT11,6
FEZF2,6
KCNH2,6
SLMAP,6
CYP3A7,6
ZBTB8OS,6
SPOP,6
RARS,6
FAM81B,6
ZNF417,6
ARHGEF25,6
NOBOX,6
TEX11,6
COG2,6
EVC,6
KIF5B,6
USP19,6
CCDC138,6
ZNF573,6
ATP1B1,6
ZSCAN21,6
ZNF470,6
CHEK2,6
MUC5AC,6
N4BP2L2,6
CHRNA7,6
CKAP2,6
ZNF506,6
NUMB,6
SPOCK1,6
ATP1A3,6
MEPCE,6
ZBTB33,6
LRRC66,6
TNFRSF21,6
MYNN,6
NAP1L2,6
IFT81,6
ZMPSTE24,6
FAM114A2,6
ACO2,6
GPR42,6
DCAF8,6
GHRHR,6
PNPLA3,6
HIST1H2BB,6
ASB9,6
ZMYND10,6
OR6C70,6
GMEB1,6
USP40,6
SLC38A1,6
CCSAP,6
CYP3A4,6
ENTPD7,6
IGSF8,6
C7orf62,6
EGF,6
SLC22A8,6
PABPC1L,6
APH1A,6
PROM2,6
CAMK2D,6
GUCY2D,6
POU2F1,6
SCD5,6
RFX8,6
HNRNPC,6
RHOXF2,6
OR51A2,6
HIST1H4D,6
ERCC3,6
ARMCX4,6
CLDN18,6
OR2T35,6
SLC25A43,6
GUSBP1,6
HEATR3,6
GREM2,6
HHIPL2,6
ZNF582,6
SLC4A10,6
FERMT2,6
RRN3,6
APPL2,6
GALNT2,6
GSK3A,6
UGP2,6
LATS1,6
ALDH3B2,6
PLK3,6
KRT75,6
ANAPC7,6
KLKB1,6
HIST1H2AH,6
LARP1B,6
EMR1,6
MICALL2,6
ACOT2,6
ACSS2,6
CATSPER3,6
UBN1,6
FCRL4,6
FBXO30,6
SPRTN,6
ATXN7L2,6
ALG10B,6
FAM161A,6
NBPF14,6
DNAJC9,6
PTPN21,6
SUDS3,6
ROPN1B,6
OR6C74,6
ARHGAP9,6
ODF2L,6
CACNA2D1,6
ITFG2,6
UXS1,6
HK1,6
BDKRB2,6
ST5,6
MSL2,6
SARS,6
SLC45A1,6
CSAD,6
PRKAR1A,6
ZNF778,6
SFSWAP,6
NAT9,6
UNC13D,6
HIST2H2AC,6
KCNC3,6
BCL2L13,6
XPA,6
HTR1A,6
PUS10,6
AGAP2,6
TASP1,6
TAOK1,6
ACOT4,6
TNFSF12-TNFSF13,6
DMKN,6
KBTBD12,6
CCNB1,6
CHRM3,6
PREP,6
SYNGAP1,6
WDR69,6
SH3BGR,6
NMT2,6
FCGR2A,6
CCDC15,6
FAM92A1P2,6
AASDH,6
PCED1A,6
THRAP3,6
DNAJB3,6
CRIM1,6
KRTAP10-5,6
ACAD10,6
ACSL6,6
DAK,6
CDCA7,6
CAPS2,6
CTBP2,6
DCAF5,6
FAM131A,6
DYTN,6
TYR,6
FAM83C,6
PCDH20,6
GPD1,6
LAS1L,6
PKNOX2,6
MAP7D2,6
TUBA3FP,6
LSM14B,6
SEC24D,6
HAO1,6
DONSON,6
CHRNA6,6
HOOK3,6
PTPN9,6
TOMM34,6
EML3,6
ATP13A3,6
RASEF,6
COL11A2,6
ENGASE,6
OR7C2,6
WNT5B,6
RGS14,6
GDI1,6
LRIG3,6
NOP58,6
NEURL4,6
TMEM104,6
TCF25,6
WDR81,6
ZNF7,6
DLX6,6
TUFM,6
PLEKHA2,6
MRGPRX1,6
CAMK4,6
SOX6,6
SLCO1B1,6
TACR1,6
WNT16,6
POLRMT,6
CHRND,6
ARMC2,6
SLC5A11,6
ANXA1,6
HERC5,6
GNL3,6
HAAO,6
LRRC70,6
PPAT,6
PRB4,6
ZNF101,6
CCDC50,6
ACSM2B,6
SLC20A2,6
FER,6
GLCCI1,6
TENC1,6
PRKD1,6
SYDE2,6
PREB,6
NLRP14,6
GPR37,6
VSIG4,6
ZFX,6
MTG1,6
OGFR,6
SCFD2,6
PAK6,6
PCDHGC3,6
PI4K2A,6
ILVBL,6
EMC2,6
SLC22A2,6
C6orf10,6
HAUS5,6
COX20,6
ZNF439,6
NOP9,6
PALD1,6
PPP2R4,6
BCKDK,6
DNAJA4,6
CATSPER4,6
GABRG3,6
PPP1R15B,6
PIGA,6
OR13G1,6
TNIP3,6
TNFAIP6,6
GABRB2,6
TNFAIP3,6
TIFA,6
CDHR3,6
THEMIS2,6
TBATA,6
EDDM3A,6
SWI5,6
SEC61A2,6
SEH1L,6
OR7A17,6
PRR21,6
KRTAP10-9,6
STXBP5L,6
PI16,6
FAM20C,6
MSANTD4,6
KLHL31,6
GBAP1,6
FIP1L1,6
FKBP5,6
ATP8A2,6
GRHL3,6
ATP8B4,6
RAD21,6
HSPA14,6
ISLR2,6
G3BP2,6
KIF3C,6
FBXL5,6
COL6A1,6
GPR139,6
MARCH7,6
FAM217B,6
NOX3,6
BMP1,6
PDE11A,6
PLA1A,6
SLC20A1,6
GK2,6
ESR2,6
BLK,6
ERMP1,6
ASPHD2,6
PRR14,6
BTN2A2,6
KIF11,6
OR5R1,6
ALDH3B1,6
ALG5,6
ANO10,6
AURKA,6
NPTXR,6
KCNC2,6
NDUFA1,6
GGT1,6
BRD9,6
JMY,6
EPC2,6
TH1L,6
AP3M1,6
FAM115C,6
ARHGEF10,6
MIR4477A,6
DEF6,6
DIS3,6
HSDL2,6
EDN1,6
HNRNPF,6
EIF3L,6
RASAL1,6
C2orf47,6
ZNF737,6
ZNF804A,6
PPAN-P2RY11,6
KRT28,6
CENPJ,6
OR4F17,6
CD1B,6
ATF3,6
SLC17A6,6
PGR,6
ABHD2,6
PKP2,6
SEMG2,6
LPIN2,6
GAB4,6
CPSF3,6
TRIM58,6
ZNF362,6
C7orf63,6
BUB1,6
HSPA5,6
SPNS1,6
AVL9,6
PRKAA1,6
ZSWIM5,6
RXRG,6
CEP41,6
SLAMF7,6
RPP30,6
DDX60,6
CHST2,6
DQX1,6
C4orf17,6
DPY19L2,6
DNASE1L3,6
SLC38A7,6
SMAD9,6
TAS2R3,6
C5orf54,6
TFDP2,6
SLC9A7,6
DDX31,6
PVRL3,6
CAV1,6
USP37,6
ZBTB43,6
CYP4X1,6
ZBTB6,6
ZFP62,6
CD2AP,6
ZNF268,6
OR51Q1,6
GP5,6
PANK4,6
ACAD9,6
TM7SF3,6
NOS3,6
SRC,6
TMX3,6
TOP1,6
LRCH3,6
LRRC27,6
PGLYRP3,6
MTMR3,6
PRKG1,6
ZNF669,6
SLC28A3,6
TBC1D2B,6
SLAIN1,6
ZNF629,6
TP63,6
OR6K2,6
WDPCP,6
TCEANC,6
SNX13,6
ASIC1,6
TUBB1,6
OR4D11,6
FAM135A,6
MACC1,6
LRP8,6
PPIL2,6
STUB1,6
FAM114A1,6
KRT18,6
CLPX,6
RPAP2,6
ZNF845,6
NEUROD1,6
KRT5,6
SYT2,6
ZNF263,6
GVINP1,6
KIR3DL2,6
ZNF12,6
ZBTB7C,6
ULBP2,6
GGT5,6
BSDC1,6
CD244,6
COLQ,6
DDX18,6
FGD2,6
GPATCH3,6
HDAC9,6
ALS2CR8,6
SLC7A14,6
AHRR,6
TTC39B,6
LIMK2,6
PSG9,6
RAB9B,6
ITPKC,6
PDCD6,6
ELL2,6
SERPINA7,6
SLC12A8,6
SLC45A4,6
DCP1A,6
ADARB2,6
PLCXD2,6
NASP,6
RXRA,6
GLP2R,6
FAM124A,6
KRT83,6
SEMA6D,6
OR2L13,6
PHACTR2,6
MBOAT7,6
ABRA,6
MAP7,6
TAX1BP1,6
SOX10,6
MAEL,6
AMICA1,6
LGI2,6
E2F1,6
MTF2,6
SPATA18,6
STAU1,6
CBX2,6
TRAM1L1,6
RNF103,6
WDR4,6
PIP5K1C,6
BBX,6
CARNS1,6
AARS2,6
HHAT,6
PTCD1,6
KRT85,6
MARCH5,6
MSH2,6
PRKCD,6
MSH4,6
P4HB,6
ABCD3,6
SLC43A3,6
OR10K1,6
ONECUT2,6
SLC18A1,6
SLC45A2,6
CS,6
IFT88,6
CD248,6
ZNF781,6
AGFG2,6
POFUT2,6
IKBKB,6
TRMT1,6
TYW1,6
TP53I3,6
VCX,6
KIAA0408,6
ZBTB17,6
EGR3,6
KLHL9,6
RPL5,6
ZFP37,6
TOP3B,6
TJP2,6
TBC1D15,6
TARBP2,6
IDH1,6
MUC21,6
SPTLC1,6
SPON1,6
SMYD5,6
KPNA5,6
SLC9A9,6
PLEKHB2,6
PIP4K2C,6
TRAF5,6
OR13C9,6
SLC39A6,6
PSMD3,6
SFMBT1,6
MMP9,6
NT5DC3,6
CSTF2T,6
FAM200B,6
GALNT12,6
ITGA2,6
MAPKAP1,6
PARP10,6
PARP3,6
LGSN,6
INTS7,6
STARD3,6
GRIA2,6
RPS5,6
SART3,6
VWA5B1,6
SCARA5,6
KCNQ4,6
USP7,6
OR5P2,6
SNX17,6
C7orf57,6
UBAP1,6
PDXDC2P-NPIPB14P,6
PPHLN1,6
ZNF583,6
CLCN7,6
LDHAL6CP,6
TXNIP,6
POLE3,6
PRKX,6
NFIA,6
IL32,6
MON1B,6
NRG1,6
SATL1,6
PPP1R26,6
PCCA,6
PRDM4,6
AKAP8L,6
OSBPL1A,6
ZNF286B,6
BIRC8,6
GART,6
DRAM1,6
PCCB,6
MN1,6
BCL6B,6
NPEPPS,6
OTX2,6
NDE1,6
PRKCA,6
HEPHL1,6
SLC2A13,6
EPS8L1,6
SGOL2,6
ZNF350,6
DGAT1,6
ANGPTL3,6
CTSF,6
AKAP17A,6
LIN54,6
BANK1,6
DPY19L4,6
SCIN,6
SCARB1,6
RIPK3,6
PRMT2,6
RGS9,6
REL,6
RASA3,6
CXADR,6
MAP2K1,6
SLC2A12,6
PTPN7,6
TPM3,6
TRIM23,6
ASL,6
TMC8,6
RNF6,6
CYP2F1,6
HFM1,6
ZFAT,6
TRIM9,6
ECHDC1,6
SLC40A1,6
XAB2,6
ELOVL5,6
IQCH,6
NHSL1,6
LEPREL1,6
NUDCD1,6
CCDC110,6
HCN3,6
CARD14,6
PHF17,6
GAP43,6
FLJ22184,6
OR1M1,6
NOX4,6
LUZP4,6
ETAA1,6
USP6,6
RPN1,6
C1orf198,6
DHX36,6
EPYC,6
MICALCL,6
HTR3D,6
DGAT2L6,6
LRTM1,6
DDX42,6
ANKRD36BP2,6
ZNF200,6
ARHGEF17,6
C18orf34,6
ADORA1,6
NXF3,6
TIE1,6
TXK,6
HGS,6
ARHGAP40,6
NR4A1,6
HRG,6
TMCO7,6
TSPYL2,6
ABLIM3,6
ARFRP1,6
SREK1,6
DNAJC16,6
SLC44A5,6
NFYC,6
DRD5,6
PLA2G4F,6
IL1R2,6
SLC16A12,6
HIST2H3D,6
ZBED1,6
NPY1R,6
NARG2,6
OR2V1,6
TCTEX1D1,6
GCM2,6
COG5,6
IQUB,6
USP21,6
GFAP,6
SYT9,6
TRIM21,6
SUSD2,6
GLA,6
BTBD1,6
CDCA2,6
NAP1L3,6
SS18,6
ARHGAP39,6
ARHGEF38,6
FBXO17,6
NFATC2,6
HLA-P,6
TLE4,6
BCL11A,6
RCN1,6
VPS8,6
FCAR,6
GANC,6
GPR114,6
PI4KAP1,6
NAMPTL,6
EXTL3,6
FHL1,6
FAAH2,6
ATG9A,6
WDHD1,6
KBTBD8,6
RETSAT,6
DENND1C,6
ZNF148,6
EPB41L4A,6
DTX2P1-UPK3BP1-PMS2P11,6
SORBS3,6
FBL,6
MRPS2,6
FBXO33,6
P2RY13,6
RUNX2,6
SIRT7,6
KRT73,6
STOX1,6
FRMD7,6
GLB1,6
ACPP,6
IQCD,6
ITGB7,6
CXorf23,6
SNTG1,6
PMS2CL,6
NFRKB,6
IQSEC1,6
BCAR3,6
AWAT2,6
INMT,6
ACOXL,6
USP33,6
KIAA0907,6
KIAA1524,6
TMCO4,6
HLX,6
KLC2,6
CLUL1,6
TTLL2,6
SYNJ1,6
LILRA4,6
HEY1,6
DDX4,6
WDR19,6
GLTSCR1,6
HHLA1,6
TMEM63C,6
TAF7L,6
MCHR2,6
GEMIN5,6
CDS2,6
GNE,6
CABYR,6
ADAM33,6
ACRC,6
SETD7,6
TXNDC2,6
GRAMD4,6
RFXANK,6
SLC25A41,6
GRB14,6
GRHPR,6
GRN,6
FLYWCH1,6
NSL1,6
HAL,6
SH2D3A,6
NPLOC4,6
EIF2AK1,6
AGBL5,6
LPPR4,6
CYP11B2,6
ZBTB11,6
UNC45A,6
OR10R2,6
BPIFB1,6
OR11G2,6
OR4B1,6
DHX32,6
ANKRD34C,6
ZNF285,6
TRIM66,6
OR9A4,6
UNC45B,6
THNSL2,6
NUAK2,6
SMYD3,6
STARD10,6
PACS1,6
PDCD6IP,6
PGM5,6
LCTL,6
IL17RC,6
HIST1H3G,6
GRPR,6
FMNL1,6
CTSE,6
SHISA4,6
OPTN,6
SULF1,6
MEF2A,6
MEGF10,6
BTN3A3,6
MMP2,6
MMS22L,6
KIF5A,6
POF1B,6
ADCYAP1R1,6
PPP2R5D,6
PINK1,6
L1TD1,6
MS4A2,6
MTHFR,6
HGF,6
ARHGAP15,6
NCAPH,6
ECM1,6
CC2D1B,6
NRD1,6
ZNF549,6
WDR78,6
NEK8,6
NPR1,6
ZNF677,6
BHLHB9,6
HELQ,6
GBA2,6
ALPK1,6
FCGR1A,6
FANCG,6
ELAVL3,6
DENND4A,6
TRIM64B,6
DCLK2,6
ASB17,6
CSF1,6
ZFYVE16,6
CHST9,6
CDON,6
CA9,6
C2CD2L,6
BAIAP2L1,6
LLGL1,6
MTARC1,6
ZIC3,6
CASKIN2,6
CAT,6
NADSYN1,6
OR5AS1,6
HPS1,6
HSD17B7,6
SEL1L,6
SCYL1,6
SCUBE1,6
EIF2AK3,6
RALBP1,6
PTGER3,6
PIGT,6
RECQL4,6
PCYOX1,6
TSC1,6
CREBRF,6
SLC5A7,6
OR10AG1,6
NISCH,6
GRM6,6
LRRC73,6
LPPR3,6
KIRREL2,6
AATK,6
KAL1,6
ITGA9,6
NCAPG2,6
HIST1H2AK,6
GALNTL6,6
NDST3,6
RNF168,6
PWP2,6
GPAT2,6
DPH2,6
OXCT1,6
ZNF689,6
TLE6,6
TIPIN,6
ORM2,6
NPHP1,6
PRSS53,6
ZBTB24,6
PKN2,6
LRIG1,6
KLC4,6
ITIH5,6
GPATCH4,6
FBXO7,6
EFCAB3,6
CA14,6
FURIN,6
ASB13,6
ZNF330,6
ZNF671,6
FAM86C2P,6
OR2F1,6
DDX49,6
C15orf55,6
ZNF235,6
CCP110,6
RNF216P1,6
PYGM,6
TRPM7,6
OSBPL9,6
HSD17B7P2,6
FRMPD3,6
ESRP1,6
CEACAM18,6
ERN1,6
CHORDC1,6
ZNF441,6
TTC7A,6
CORIN,6
GPR126,6
SCFD1,6
CSF3R,6
PNCK,6
PNMA3,6
CEP70,6
SCML1,6
PODN,6
SLC9A4,6
RGSL1,6
MAGEB3,6
MBIP,6
BMS1,6
ATP13A1,6
ADORA3,6
SEZ6,6
YME1L1,6
SYDE1,6
TSG101,6
CEP63,6
HIST2H2BE,6
A1CF,6
CEACAM20,6
PEAR1,6
OXGR1,6
OR4A5,6
NUP88,6
NECAB1,6
ARAP1,6
EIF3I,6
ALOX15B,6
TMEM120B,6
TRIM60,6
CD96,6
KCNJ16,6
NPHS1,6
KCNC1,6
HMGB3,6
GBP5,6
FSD2,6
AACS,6
FADS1,6
CWC27,6
C17orf28,6
B4GALNT4,6
AP2B1,6
KIAA1024,6
MTERFD3,6
RAPGEF4,6
AZI1,6
SCML2,6
MEI1,6
LYN,6
TDRKH,6
CDH6,6
DHPS,6
CREM,6
MRPL45,6
ANO3,6
ANKRD6,6
TIGD3,6
TES,6
HLA-DQB1,6
RNF126P1,6
OR1A1,6
GNN,6
PLCXD3,6
CRHR2,6
CELP,6
ZNF623,6
ACTR1A,6
ZNF585B,6
RANBP17,6
KRT35,6
RRN3P1,6
RSPH4A,6
TPCN1,6
SGK2,6
KRTAP4-9,6
SLC39A5,6
SLC34A2,6
BTN1A1,6
ME2,6
KIF3B,6
FCHO1,6
TTI1,6
SELL,6
RUFY1,6
CDK11B,6
RPS6,6
RGS20,6
CTNNB1,6
RSBN1,6
ESYT2,6
RGL3,6
RFC4,6
GLS,6
PPP2R5C,6
GOLGA2,6
FAM117B,6
MAP3K7,6
LRRC33,6
HTR1B,6
KLRC1,6
IQCA1,6
FNDC7,6
KIAA1683,6
LSG1,6
BCAS3,6
IRS1,6
STAT5A,6
BCAS2,6
SMOC2,6
PTPDC1,6
IGHA1,6
TBC1D10C,6
GSPT1,6
SAT1,6
PIGO,6
THBS2,6
GPR155,6
UBA7,6
TMPRSS11A,6
FGFR4,6
FAM71E2,6
ENTPD6,6
DTX2,6
ECD,6
SORCS2,6
TRAF7,6
BMPER,6
SVOP,6
CPSF6,6
SLC37A1,6
DKK3,6
GUSB,6
ARHGAP4,6
ABCF3,6
TRIM2,6
PSD,6
HOXB3,6
GPR149,6
RCBTB2,6
GABBR1,6
MACROD2,6
LLGL2,6
LPPR2,6
APLP2,6
UHRF1,6
SF3B2,6
HCAR2,6
SIGLEC8,6
PLCH2,6
MAOB,6
LRRC4,6
LIMS1,6
SLC10A3,6
POMT2,6
HMMR,6
LONP2,6
DIS3L,6
TUB,6
SLC12A4,6
MAGED2,6
HOXA11,6
F10,6
CD5L,6
BAHD1,6
ZYG11A,6
ZNF451,6
UBE3D,6
TM6SF2,6
USP26,6
SSBP3,6
SMCR7L,6
SLC15A1,6
KIAA0182,6
RNF207,6
KRAS,6
RGR,6
RAI1,6
QSOX2,6
HPSE,6
SYTL5,6
TM9SF4,6
ZNRF4,6
OR2L3,6
ZNF175,6
XRCC1,6
WDR90,6
GNB2L1,6
ZNF862,6
CNOT2,6
C11orf9,6
ZCCHC12,6
CXorf65,6
EBF4,6
PNLIP,6
ZNF320,6
TCP11,6
ACTR2,6
SART1,6
ESRRG,6
ERCC5,6
EGFLAM,6
TDRD3,6
CTAGE9,6
RMI1,6
TPRX1,6
TMEM242,6
WDR3,6
IRAK2,6
MYO1B,6
OTC,6
ZNF281,6
SLC6A14,6
TUBA3E,6
ZNF81,6
KRT3,6
TOX3,6
TPP1,6
ADH1C,6
SOHLH2,6
LRRC42,6
ZMYM6,6
TBC1D3P2,6
PLEKHG4B,6
CCDC66,6
TIMM50,6
CASQ2,6
ST7L,6
FAM111B,6
STON2,6
ZNF526,6
ZNF486,6
SLC27A4,6
ARSK,6
KIAA0226L,6
NMUR2,6
PPP5C,6
TRIM33,6
SOX13,6
SLC6A8,6
TUBGCP5,6
THOC5,6
CDKAL1,6
SIRT3,6
TRIM73,6
PSG11,6
AMY2A,6
KATNAL2,5
GCGR,5
SLC44A1,5
TRAM2,5
TRPV3,5
SLCO6A1,5
SYT3,5
DGKH,5
EIF2S2,5
SLIT1,5
FAM129A,5
ELL,5
GPHN,5
SPECC1,5
DARS,5
OR4C13,5
TAF5,5
OR5D13,5
GPR83,5
TFCP2,5
GPR34,5
SUOX,5
TBX4,5
AP4B1,5
ZNF555,5
PTPN5,5
PRKAG3,5
PRPF4,5
SOX9,5
ALX4,5
SYN1,5
IMPA2,5
ACSF3,5
SUGP2,5
PARM1,5
TSPYL5,5
IL22RA1,5
LGALS12,5
OR8J1,5
RNF13,5
KRT36,5
KCNS3,5
RBPJL,5
TELO2,5
RAD18,5
PKLR,5
RNF41,5
CSNK1A1L,5
PTAR1,5
DEDD2,5
RNF145,5
ARL6IP6,5
PRMT8,5
LRRC8E,5
ZNF513,5
KCNA7,5
MAGEA11,5
POLR3GL,5
POLR2F,5
INF2,5
POM121L2,5
AEBP2,5
SEC14L6,5
ANO9,5
CAPN6,5
SP140,5
PITX2,5
ZNF266,5
RBAK,5
LDB3,5
RFWD3,5
SPAG6,5
ASAP3,5
PDE12,5
NXF4,5
AGK,5
IL18R1,5
SEPT8,5
SECISBP2L,5
FAM122B,5
SF3B14,5
MMP3,5
EPOR,5
IFIT1,5
ZCCHC5,5
TAGAP,5
EIF4A3,5
ZNF878,5
IQCB1,5
ZNHIT6,5
HLA-DQB2,5
RNF32,5
METAP1D,5
METTL11B,5
RHPN2,5
ANKK1,5
C2orf62,5
ANKRD40,5
TMED8,5
MMAA,5
TAP1,5
KCNV2,5
WNK4,5
ZP3,5
DRGX,5
CYTIP,5
AMZ2,5
CHML,5
HDAC2,5
PRR5L,5
ZNF701,5
ATL2,5
ZC3H14,5
TMCO6,5
DNAJC6,5
ZNF543,5
CPB2,5
UNK,5
ATP8B1,5
TOM1,5
CLDN8,5
TUBE1,5
ADAM2,5
KCNJ11,5
ZNF692,5
KLK15,5
USHBP1,5
TULP3,5
LRRTM3,5
CCDC19,5
ADAMTS15,5
TMEM245,5
NKAPL,5
WDR20,5
ZNF66P,5
ANKRD20A8P,5
ZXDB,5
AMDHD2,5
KLF11,5
LMTK3,5
TIA1,5
PRAM1,5
MIPEP,5
C11orf24,5
ZNF418,5
BMP5,5
ANKZF1,5
OR10Q1,5
NSFL1C,5
DDC,5
HSPH1,5
SHARPIN,5
EPHX2,5
KIAA1715,5
TFIP11,5
IL6,5
ERG,5
CCDC78,5
HTRA1,5
CCDC3,5
BTRC,5
SNX8,5
HTR5A,5
TUBD1,5
KLC1,5
NUMBL,5
ACSM3,5
TRIM56,5
ATOH1,5
KIAA1967,5
SLC16A5,5
TRAT1,5
GDPD1,5
RASA2,5
TXNDC5,5
TMPRSS6,5
SCNM1,5
RTKN,5
PIBF1,5
GPC3,5
KANSL1L,5
UBE3A,5
GPR61,5
ACOX1,5
ZNF880,5
C14orf93,5
ATP6V1B2,5
LMAN1,5
TEAD1,5
ANXA6,5
DOC2A,5
TCP11L2,5
CCDC120,5
TBC1D17,5
MAMDC4,5
MYF5,5
C7orf31,5
SFXN5,5
BTBD19,5
HMGN5,5
MC4R,5
IL37,5
MGMT,5
IL3RA,5
WASF3,5
NIPAL4,5
ACOT11,5
ACVR1C,5
PNPT1,5
BRAF,5
ATP2A2,5
TSC22D2,5
DACT2,5
GBA3,5
MTF1,5
TGFBRAP1,5
ELAVL1,5
ODAM,5
EARS2,5
NDUFV1,5
CCDC125,5
DYRK2,5
SLC35A2,5
NCR2,5
CPN2,5
SHKBP1,5
ABLIM1,5
DHX58,5
PAQR3,5
MUC15,5
DEPDC1,5
WSB1,5
OR52E4,5
CXCR7,5
KRT32,5
KLHL25,5
FGF13,5
OR4F15,5
CDS1,5
IGKV1D-16,5
FAM9B,5
ZNF564,5
DNAJC3,5
TEAD4,5
CRTAP,5
SKIV2L2,5
DHX38,5
GABRB1,5
POLR2J,5
ABCG8,5
TMEM246,5
FLOT2,5
VPS26B,5
RBBP4,5
VPS33B,5
FDFT1,5
LAP3,5
OR5T3,5
SNX7,5
INHA,5
TRIML1,5
TSPAN16,5
ZDHHC1,5
ZNF682,5
XKR6,5
AASDHPPT,5
PLEKHD1,5
CDKL1,5
DRD2,5
ENTPD4,5
PHYH,5
FBXO43,5
MYL12A,5
BEST3,5
ALKBH8,5
NUF2,5
DDX59,5
RAD23B,5
MX2,5
PSEN2,5
ENOX1,5
PAK3,5
LMOD3,5
PCSK6,5
PGM1,5
HNRNPL,5
POSTN,5
IL11RA,5
RFPL2,5
TRIM64DP,5
OR2Z1,5
ATP8A1,5
HDDC2,5
ATG16L2,5
SNX18,5
ASPA,5
SIM2,5
ARSE,5
ARPC1A,5
GNAT2,5
NEK11,5
CD99L2,5
TDRD10,5
COL9A3,5
CEP44,5
FAM46D,5
CENPC1,5
RAPGEF5,5
CDH15,5
ZNF215,5
MED1,5
DGCR2,5
CD2,5
DDX60L,5
CD180,5
WDR37,5
AMZ2P1,5
CCT2,5
TTYH1,5
PSG3,5
ANXA13,5
TXLNB,5
FAM151A,5
PI4K2B,5
CATSPER2P1,5
CIRH1A,5
USP28,5
CDC14A,5
CALN1,5
IPP,5
EPS15L1,5
PEX11B,5
MS4A14,5
CAMK2B,5
LUC7L2,5
ZNF395,5
FAM194A,5
ANKRD19P,5
PIH1D1,5
PNLIPRP1,5
OR6A2,5
C9orf114,5
ZNF384,5
GOLGA8A,5
KIAA1324,5
ARHGAP1,5
ZNF714,5
DUSP13,5
SREBF1,5
LRTM2,5
ATG4D,5
TSSC1,5
MKL1,5
HABP4,5
SNW1,5
GIMAP7,5
USP51,5
ZC3H18,5
C12orf50,5
PLK4,5
CD300A,5
AADAC,5
SLC10A1,5
PES1,5
HMGXB3,5
POTEC,5
ANO8,5
MMP25,5
MRPL24,5
ZNF214,5
PLEKHM1P,5
CERS2,5
PRF1,5
PBX1,5
PAX6,5
PAPOLA,5
WDR48,5
FUBP1,5
P4HA2,5
OR10J3,5
FBXO15,5
OR6T1,5
PIAS3,5
AMIGO3,5
HHIPL1,5
ZSCAN5B,5
OR2W5,5
A2MP1,5
DCLRE1C,5
ACADVL,5
GFM2,5
CXorf30,5
BRD2,5
DAZAP1,5
CCDC114,5
ARFIP2,5
ARSB,5
IGKV2D-26,5
AP1G1,5
IGHMBP2,5
ACOX3,5
IBSP,5
OR3A4P,5
C4BPA,5
HMGN2P46,5
GNL2,5
CUL2,5
HEATR6,5
HEATR4,5
ZNF286A,5
ZNF440,5
GPR55,5
GPR156,5
SFRP1,5
DDX51,5
GH2,5
GGNBP2,5
POTEA,5
FAM49A,5
SLC22A10,5
PPIG,5
NPAS3,5
DAB1,5
DGKE,5
C1orf61,5
LRRC37B,5
STAM,5
DCAF4L1,5
PPP6R2,5
GRIK5,5
TF,5
GPRC6A,5
YTHDF3,5
LOXL4,5
C21orf88,5
TUBA4B,5
KIR2DS4,5
LRRCC1,5
KLC3,5
KIFAP3,5
KIF18A,5
ZNF317,5
AASS,5
AFAP1L1,5
KCNJ10,5
MCTP1,5
C20orf194,5
STRBP,5
PAGE1,5
MLXIPL,5
FAM75A3,5
SLC12A2,5
EEPD1,5
REPIN1,5
PSG2,5
GALNT7,5
SP2,5
WTAP,5
ZCCHC14,5
PRELP,5
WDR63,5
TDRD9,5
PLEK,5
XPNPEP2,5
BANP,5
OR4K15,5
KRTAP15-1,5
TLE2,5
PCDHGB2,5
GAK,5
ASIC2,5
CD200R1L,5
PPM1L,5
PCMTD2,5
VCP,5
C5orf52,5
CAPRIN2,5
AWAT1,5
ATP6V0A2,5
CCDC30,5
PPP1R3F,5
POLI,5
TSKS,5
HAUS7,5
BICD1,5
FBXL13,5
ANKRD49,5
ACBD5,5
ICA1,5
VPS18,5
KAT8,5
LINC00281,5
DNASE2,5
ETNK2,5
CCDC33,5
BRDT,5
C1orf112,5
BTD,5
TNMD,5
TLR10,5
OR10J5,5
PCK1,5
POLM,5
RBM5,5
FASTKD5,5
PRODH2,5
POP5,5
ENC1,5
OR6V1,5
PIGQ,5
CYP4F12,5
SLC2A3,5
MBD3,5
SEMA3F,5
HDAC7,5
ZNF652,5
PIAS4,5
CLRN2,5
PNN,5
LYZL6,5
TLK2,5
ZNF674,5
SPHK2,5
FAM124B,5
SMARCAD1,5
BRD7,5
ORC2,5
MMEL1,5
AOAH,5
MIR600HG,5
CDK13,5
CXorf36,5
KLHL34,5
MUTYH,5
IL6R,5
NUP133,5
BLVRA,5
GLUD2,5
CCDC67,5
GRK7,5
RGP1,5
NDC80,5
GRM7,5
PLIN2,5
TRMT112,5
RPS6KB1,5
SERAC1,5
MCM3,5
DLST,5
FAM53C,5
FAM73A,5
ST3GAL3,5
GPI,5
TUBA1C,5
OR2J2,5
FAM49B,5
CIRBP,5
ERGIC3,5
TUBA3D,5
CSF1R,5
PJA2,5
CACNB3,5
COLEC12,5
TTC23L,5
TMEM209,5
MAML1,5
HGFAC,5
CYP7A1,5
SMAP1,5
RAE1,5
CD53,5
OGG1,5
NAT10,5
CLCN2,5
RHCG,5
GPR17,5
SLC17A4,5
FAM86HP,5
ESX1,5
ZNF516,5
CACNB2,5
LPIN3,5
THOC1,5
ST6GALNAC6,5
CCS,5
CENPO,5
SPATA6,5
CCDC37,5
SHCBP1L,5
DMRT2,5
SH3BP1,5
TGFBR2,5
OSBPL5,5
PLIN5,5
SLC43A1,5
ZNF77,5
SNAP47,5
PCDH12,5
SLC22A9,5
TMEM48,5
SLC25A12,5
TIGIT,5
CCR1,5
TMTC1,5
SLC34A1,5
SLC12A9,5
GRB7,5
FZD2,5
EVI5L,5
ESAM,5
ACCS,5
SLAIN2,5
CLCNKB,5
DLL1,5
KCNMB2,5
ZNF782,5
GGCX,5
AIDA,5
GCKR,5
ACTR5,5
DHX34,5
OR8K3,5
LRRTM2,5
CSTPP1,5
ZNF71,5
PRAMEF11,5
TBC1D24,5
MMP13,5
ALOX15,5
TMEM67,5
OR4K1,5
RNF128,5
ACTRT3,5
STXBP2,5
LSR,5
TEX2,5
CD33,5
ZFHX2,5
FRS3,5
MPHOSPH10,5
FAM154A,5
ARFGAP1,5
AOC3,5
FAM75E1,5
ITGB8,5
OR4N2,5
GPR174,5
PGBD2,5
AJAP1,5
FAM157C,5
GTPBP5,5
POLR2J4,5
PTBP3,5
PNPLA1,5
EPX,5
APEX2,5
RAD51AP2,5
SERPINA5,5
ME3,5
FSCB,5
KRTAP9-1,5
DDX41,5
TRIM41,5
EIF3G,5
AGGF1,5
GNS,5
SYNPR,5
ACO1,5
TXLNG,5
TAPT1,5
CYP1B1-AS1,5
TATDN2,5
HEPACAM2,5
TCTE1,5
CSGALNACT2,5
SLC22A11,5
KRT81,5
RNF43,5
OR10G9,5
MEPE,5
ADORA2A,5
ABTB2,5
DPYD,5
OXCT2,5
ERGIC1,5
CHRM4,5
ZNF85,5
ZNF563,5
MSS51,5
ZBTB3,5
BMP15,5
ONECUT1,5
OPN4,5
ZC2HC1C,5
ADCK2,5
ZNF238,5
ABO,5
ZNF114,5
ABCD1,5
BPHL,5
TONSL,5
RNF148,5
GSK3B,5
REXO2,5
MRPS18B,5
NKRF,5
OR5AR1,5
CHRD,5
SERPINI2,5
MIER1,5
FN3KRP,5
LPXN,5
AKT2,5
GPA33,5
GUCA1C,5
PCSK2,5
QPCTL,5
IGHV4-31,5
PPA1,5
C1QTNF2,5
EDAR,5
BLMH,5
EPHA2,5
HLA-F,5
MAGEA8,5
UBE2Q2,5
SNTG2,5
PPP1R32,5
NRG2,5
RABEP2,5
SULT1A4,5
PCDHGA8,5
ZNF480,5
RBM15,5
NPVF,5
NOX1,5
ANKRD20A11P,5
ZNF812,5
KIAA1191,5
MGEA5,5
ADAM20,5
TRA2B,5
CYTH3,5
ADAD1,5
PHF21B,5
PRB3,5
TUT1,5
FAM131B,5
SPRED2,5
SLC28A2,5
ZNF835,5
OR5T2,5
INPP5D,5
ANKRD34A,5
C9orf72,5
ZC3H15,5
ITLN1,5
METTL5,5
AIM1L,5
STX4,5
RBM15B,5
GNA12,5
C6orf183,5
C1orf167,5
OLFML2A,5
HOMER2,5
MFSD3,5
ZNF649,5
MYL1,5
IGHV3-49,5
ZNF770,5
TBX10,5
PRR12,5
LATS2,5
LRRC31,5
CACTIN,5
NUP62,5
KYNU,5
KRTAP4-6,5
WIPF1,5
KRT76,5
SLC24A6,5
SLC5A3,5
PACSIN3,5
IGHM,5
KLF7,5
SLC29A3,5
ZNF69,5
ANXA11,5
APOA1,5
SEC61A1,5
KIAA1467,5
TRIM51HP,5
TSGA13,5
VPS33A,5
STK38L,5
GFM1,5
ZBTB16,5
SAMD3,5
PKD2L1,5
ZMYND15,5
GPLD1,5
WWC2,5
RSL1D1,5
DNAJB4,5
ATP6V1C1,5
XRCC6,5
TTC24,5
CEACAM5,5
ATF4,5
XYLT1,5
ZNF773,5
RRP1,5
TULP1,5
OR2M5,5
ISM2,5
TRIM49,5
GPRIN3,5
SSBP2,5
TFDP3,5
DCUN1D2,5
TBX19,5
USH1G,5
ISLR,5
PAX3,5
OR6S1,5
C9orf142,5
PNPLA6,5
PRKAG2,5
ZHX3,5
PDE1A,5
PPP3CB,5
PPYR1,5
UVSSA,5
GEMIN4,5
ZNF823,5
KCNK13,5
RPS6KL1,5
ZNF589,5
SAG,5
ZNF484,5
ZNF124,5
SLC6A4,5
GRIK4,5
SEPT12,5
SLC29A4,5
SERPINB12,5
SERPINA4,5
HOXA5,5
WASL,5
DNPEP,5
TFPI,5
SGSM2,5
RPL18A,5
PAPLN,5
LCP1,5
FAIM3,5
SLC18A2,5
SIX4,5
SSRP1,5
BCL11B,5
ARHGEF39,5
RASIP1,5
SLC16A6,5
SLAMF9,5
EFR3A,5
KLHL23,5
SFXN2,5
SHE,5
TRIT1,5
FAHD2A,5
AGAP3,5
ARID3B,5
RNF34,5
EYA3,5
FRG2B,5
SV2B,5
DIEXF,5
EHHADH,5
ZBTB20,5
OS9,5
ZNF485,5
CYP2B6,5
NCOA7,5
TRIM17,5
EPS8L3,5
DHCR24,5
HAUS8,5
TMC4,5
CHN2,5
ZKSCAN4,5
PTGDS,5
BTBD11,5
CHKB,5
ZSWIM3,5
KIRREL3,5
MEX3C,5
ITGBL1,5
FXYD3,5
TPST1,5
CREB3L2,5
ACSBG1,5
SAMD14,5
KRT42P,5
COL6A4P1,5
PDLIM7,5
PCSK1,5
TRIM37,5
ACE2,5
FARSB,5
CCNK,5
FARP1,5
FBXL7,5
ANKS1A,5
HRH1,5
CFP,5
LRRC49,5
CYLC1,5
PHACTR4,5
CNTROB,5
FGL2,5
ADAM28,5
IL21R,5
ZNF329,5
WDR26,5
CTR9,5
SLFN5,5
KIAA1984,5
LRRC48,5
TBCK,5
ZNF606,5
PLEKHH3,5
ISX,5
PLAU,5
PTCD3,5
PTGS1,5
CRYGC,5
INTS12,5
CCDC83,5
MCM2,5
CARS2,5
OR52M1,5
LMCD1,5
MAP3K2,5
SLC25A48,5
IP6K3,5
SLC27A5,5
SQSTM1,5
C14orf166B,5
R3HDM1,5
CLCN3,5
PARP2,5
EHMT2,5
N4BP1,5
KIAA1045,5
CAMK1G,5
ZFP3,5
KRTAP5-10,5
GZF1,5
CBX4,5
ACSL1,5
RLIM,5
ASZ1,5
KSR1,5
RNF31,5
ENPP7,5
PKD2,5
RAB11FIP4,5
RCBTB1,5
CADM3,5
C4orf40,5
CCDC7,5
ATL1,5
CHAMP1,5
RBBP8,5
PNLIPRP3,5
COL23A1,5
GPR153,5
POU5F1,5
R3HCC1L,5
PALMD,5
CPT2,5
CASC1,5
INTS9,5
ECT2,5
UROC1,5
OBFC1,5
RAB25,5
OR1S2,5
SLC6A7,5
PHF19,5
CCNE2,5
CD36,5
BCAP31,5
PSMD12,5
CEP55,5
METTL25,5
TRIM51,5
PRSS55,5
KCNAB2,5
ATG14,5
PDS5A,5
SETD3,5
SHOC2,5
POU4F1,5
POGLUT1,5
OR2T1,5
PSG7,5
BRD3,5
ORC1,5
CHURC1-FNTB,5
METTL23,5
PSMD13,5
S1PR3,5
CRYGA,5
ANKRD62,5
SLC13A4,5
CHRNA4,5
RLN2,5
PRR23B,5
HEATR7A,5
SERINC5,5
RBM28,5
CRTAC1,5
GRXCR1,5
WRAP53,5
TBC1D9,5
SAFB,5
STMN4,5
ENSG00000210082,5
ZNF530,5
TMEM87A,5
AP2A2,5
PPFIA4,5
CYP21A2,5
AS3MT,5
ZNF511,5
CACNA2D4,5
VWA5B2,5
HCRTR1,5
ZNF785,5
CD5,5
PGM2,5
CCDC154,5
FANK1,5
INO80D,5
OR51A7,5
PCDHB4,5
RPL13AP3,5
LGALS4,5
ITGAD,5
PLTP,5
ATAD3B,5
OR5H6,5
PAMR1,5
IGLV5-48,5
RFTN2,5
POTEB,5
PROKR1,5
BRS3,5
IFIH1,5
RAD54L,5
NPC1L1,5
NOMO2,5
ERP29,5
ARVCF,5
DET1,5
MCMBP,5
GPR75,5
NCAM2,5
OR2B2,5
ANKRD13D,5
CLPTM1L,5
ALDH8A1,5
BBS2,5
FRRS1,5
ANKRD18A,5
GHR,5
CELF1,5
ALG10,5
IKZF1,5
LRRC28,5
AP2M1,5
LRIF1,5
SMURF1,5
INCENP,5
PADI6,5
KRT121P,5
ALLC,5
TCEA1,5
AGT,5
CYP2D6,5
MMP15,5
DHRS7,5
UHRF1BP1,5
NMD3,5
MFAP1,5
CWF19L2,5
C3orf15,5
CTIF,5
STXBP3,5
PENK,5
AKR1C2,5
XBP1,5
CDO1,5
POLH,5
ACTR8,5
TMTC3,5
LRRC14B,5
MSN,5
HK3,5
FAM59A,5
ZNF133,5
TRAPPC11,5
MASTL,5
GDAP1L1,5
RNF220,5
FAM73B,5
DOK5,5
ASPSCR1,5
HIST1H2BG,5
ZNF419,5
FUT11,5
CALR3,5
CAPN10,5
HTR1D,5
CAPN8,5
APC2,5
MORN4,5
SGCA,5
DPP3,5
TEX10,5
LRG1,5
CPNE5,5
CASS4,5
METTL16,5
BCMO1,5
TM9SF1,5
ZFYVE1,5
GYS2,5
LRR1,5
MBOAT1,5
EYA1,5
DDX23,5
STX17,5
OR5M1,5
G6PD,5
OR5C1,5
FAM131C,5
QRICH1,5
OR51E2,5
NFX1,5
SOLH,5
NDUFV3,5
SHANK3,5
WFIKKN2,5
ZNF498,5
VSTM4,5
PHKB,5
SPATA2,5
OLFM4,5
OR5J2,5
NME7,5
WEE1,5
AKT3,5
BTBD17,5
NEK6,5
AGXT2L2,5
ZDHHC5,5
PDLIM5,5
GPR12,5
RAB22A,5
CPB1,5
CNTFR,5
DDX21,5
PROCR,5
COG8,5
MYO15B,5
BEND6,5
CSF2RB,5
FAM75D3,5
OR10K2,5
TKTL1,5
FAM63A,5
SLC25A32,5
SLC17A7,5
ITIH3,5
TMEM87B,5
FSIP1,5
VAV2,5
DHRS13,5
C4orf50,5
POLR1D,5
ACTL7A,5
HLTF,5
TMEM169,5
CSNK1E,5
LMNB2,5
FLT3LG,5
KLK5,5
EHD2,5
PRAMEF10,5
NIPAL1,5
TNPO2,5
SLC6A17,5
NAIF1,5
SULF2,5
NR4A2,5
WDR36,5
AGPAT4,5
MGAT5,5
EPHA8,5
GIT1,5
SSX3,5
SYK,5
EHD4,5
CAGE1,5
PAICS,5
CD101,5
CCNF,5
NUGGC,5
SCAF11,5
SDAD1,5
AQP10,5
TM9SF3,5
ARHGAP18,5
B3GNT5,5
UPF3A,5
APMAP,5
PPM1D,5
GAL3ST1,5
E2F4,5
NAA35,5
MPP1,5
DDX24,5
FTSJD2,5
TAF4,5
NAP1L4,5
TSEN2,5
POU5F2,5
FPGT-TNNI3K,5
SORT1,5
TMF1,5
STX6,5
KCNG4,5
TAS2R10,5
TJP3,5
GJA10,5
CRY2,5
EED,5
WEE2,5
PTRF,5
INTU,5
FAM26D,5
CEP85L,5
HADHA,5
FGD3,5
UMPS,5
ATP6AP1,5
FXYD5,5
ZNF616,5
MMP14,5
DBR1,5
CNOT6,5
DOM3Z,5
DCAF12L2,5
GMPS,5
TMEM145,5
LRRFIP2,5
OR52A5,5
WISP3,5
AGAP6,5
ZNF275,5
TLK1,5
NEMF,5
JRK,5
TMEM132E,5
USP42,5
PGF,5
C12orf56,5
C1QTNF3,5
WDR24,5
MAN1B1,5
TYW3,5
PTGES2,5
VPS54,5
IFIT2,5
CWC22,5
OPLAH,5
PLOD2,5
MLYCD,5
RHBG,5
MMD,5
PDHA1,5
CARD8,5
PHF2,5
PIM2,5
ANKRD18DP,5
CCDC129,5
NUDT13,5
ADAR,5
DPYSL2,5
SCML4,5
EPHX4,5
ZNF83,5
ANAPC4,5
UGT1A3,5
FAM98B,5
OTUD6A,5
SNX32,5
CHERP,5
SF1,5
ZC2HC1A,5
ZNF20,5
ZNF467,5
FAM149B1,5
AFAP1L2,5
EPDR1,5
SP110,5
NOA1,5
ALPP,5
TBC1D29,5
TFAP4,5
DYNC1LI1,5
ANKRD24,5
PRDM11,5
SLC25A36,5
EI24,5
ANKMY1,5
TROVE2,5
DSN1,5
ERCC4,5
OR52B2,5
EDEM3,5
SHISA7,5
CT47B1,5
FAM227B,5
NCR1,5
DENND2A,5
CD34,5
ANKRD34B,5
TIPARP,5
AP5Z1,5
FAM40A,5
TPPP2,5
NAA16,5
EMILIN3,5
CCDC79,5
E4F1,5
MAT2A,5
YARS,5
INTS10,5
ESPN,5
ZNF434,5
GP1BA,5
SH3RF1,5
ZNF876P,5
FZD3,5
COBL,5
XKR5,5
ATG5,5
FAM83A,5
OPN1LW,5
MGAT4B,5
FARS2,5
SALL2,5
SH3TC2,5
CEP97,5
MYBBP1A,5
TRIP10,5
CLIC5,5
GRM2,5
ITGA5,5
ZNF792,5
BCKDHA,5
LSM11,5
PITPNC1,5
ZFP92,5
SPAG1,5
THTPA,5
LRRC4C,5
MRPL9,5
DSG1,5
CORO6,5
POLR3E,5
PLA2G7,5
SLFN11,5
HELB,5
TTLL1,5
PGD,5
PDRG1,5
PSMA3,5
CDHR4,5
IK,5
PPARG,5
DNAJB5,5
FAM70A,5
MED16,5
CMTM5,5
TSEN54,5
TRMT6,5
MEP1B,5
MMP11,5
HBS1L,5
SAMD15,5
RSRC2,5
MIR7-3HG,5
REM1,5
AHCYL2,5
TBR1,5
CYP4F2,5
ADAMTS4,5
UAP1,5
DDI1,5
NT5C3,5
ZNF454,5
NTHL1,5
SOX30,5
ZNF169,5
CTBP1-AS1,5
ZNF34,5
SIGLEC16,5
WISP1,5
ZNF704,5
PDHX,5
SEPT4,5
FAM48A,5
CAMKK2,5
SLC25A13,5
BTBD7,5
SEPT1,5
CLASRP,5
RAP1GDS1,5
PARD3B,5
HIST1H2AI,5
RNASEH2A,5
ICA1L,5
STAT1,5
KCNN2,5
STT3B,5
NXN,5
PRMT10,5
ZNF14,5
SLC6A15,5
CELF4,5
BRF1,5
GPD2,5
LRRC37A2,5
TDRD7,5
SGCG,5
ATP5A1,5
ASH2L,5
KLHL15,5
ROM1,5
ZFP161,5
FAM21C,5
CLEC17A,5
ILK,5
WT1,5
TTF1,5
GPR22,5
DDHD2,5
OR4C16,5
STK38,5
KLK11,5
RAI14,5
FOLR4,5
KCNIP4,5
TRIM50,5
ITGB3,5
LCP2,5
CPSF2,5
DCT,5
TMEM214,5
SUN5,5
PSG5,5
ZKSCAN2,5
TRMT13,5
SIPA1,5
ZBED5,5
MAPKAPK3,5
AMHR2,5
STX1A,4
DDX50,4
OXSM,4
FPGS,4
MUC3A,4
HSD17B2,4
NCAPG,4
BACE2,4
METTL7B,4
ADRA2B,4
KCNK4,4
HSPBAP1,4
TPM1,4
KLHL30,4
GYLTL1B,4
IPO9,4
UGT1A,4
SLC6A2,4
NPAS1,4
MAP3K10,4
ZNF502,4
OXER1,4
SYT14,4
LOXL2,4
ATL3,4
ZNF547,4
RIC3,4
CDCA4,4
GALNTL2,4
HCAR1,4
HOXB2,4
OR2T12,4
TRIM43,4
PUS7,4
FOPNL,4
FBXL4,4
ZNF813,4
RFX7,4
METTL17,4
GADL1,4
POLR2J3,4
PTPRN,4
BID,4
KCTD21,4
IL12RB2,4
ODF3L2,4
IL31RA,4
ZNF793,4
CEP19,4
AGBL2,4
TRAF6,4
FAM45A,4
CD1C,4
TTC4,4
CCER1,4
KPNA3,4
EDNRB,4
SOBP,4
TMPRSS11D,4
PALM2AKAP2,4
NPHP3,4
NADKD1,4
ICOS,4
UQCC4,4
NARF,4
DKK4,4
GIMAP2,4
KIF23,4
KIAA1586,4
POM121L9P,4
SPACA1,4
EIF2B3,4
SLC25A20,4
NBR1,4
PON3,4
PXK,4
RAD51B,4
GXYLT2,4
IGHG3,4
ZFAND1,4
DPY19L2P1,4
FNIP1,4
DDIT4L,4
METAP2,4
TRIM74,4
RPE65,4
ZFP14,4
OR6C2,4
EDC3,4
MAPK10,4
CCKBR,4
PLA2G4E,4
GRINA,4
FASTK,4
LINC02914,4
KCNA3,4
KLHL22,4
RSC1A1,4
SLC39A13,4
TJAP1,4
LPAR1,4
GIPC3,4
PLCD1,4
PLEKHG6,4
YIPF6,4
RPL3L,4
SYAP1,4
SIDT1,4
VGLL4,4
PCOLCE,4
SAMHD1,4
TAS2R31,4
SIGLEC10,4
RNF157,4
DNMT3B,4
SRD5A1,4
NOL11,4
TFAP2C,4
BPIFA3,4
RBP1,4
VASH2,4
COMMD9,4
TMOD4,4
FAM149A,4
FAM58A,4
ENTPD1,4
TNNI3,4
RXFP1,4
AUP1,4
SH2D3C,4
SCRN3,4
WDR5,4
SERPINB7,4
LMBRD2,4
LELP1,4
ZNF230,4
CCDC34,4
SLC10A6,4
CYLD,4
ZNF233,4
C1orf85,4
ZNF274,4
CCT4,4
HIST1H2BK,4
EXOC5,4
SLC5A10,4
ANGPTL5,4
GLI4,4
TEAD2,4
TGM6,4
C3orf24,4
KRTAP4-11,4
G3BP1,4
CLUAP1,4
DNAJC7,4
DDX53,4
TBC1D3,4
SNAP25,4
LRP2BP,4
RAB3GAP1,4
SLC17A8,4
ZDHHC20,4
STAP2,4
ZFP82,4
ZNF185,4
ZNF205,4
CELA2B,4
ELF2,4
ERVW-1,4
ZNF442,4
C1GALT1C1,4
PION,4
SLC25A22,4
PRSS36,4
BPIFA2,4
LIN28B,4
SFTPB,4
OR51B5,4
PRB1,4
CD8B,4
SOX14,4
SLC25A18,4
UGT1A7,4
ZNF385A,4
SLC27A3,4
TMEM132E-DT,4
PGAM1P5,4
TBC1D12,4
RND3,4
RPAP3,4
TMEM39A,4
RPL10,4
EIF4H,4
RFTN1,4
KCTD7,4
SLC1A7,4
PPP1R3C,4
FANCB,4
LMNA,4
SUV39H1,4
WBP11,4
RDH11,4
USP20,4
RDX,4
RBMS1,4
USP35,4
GPR143,4
SEPT7P2,4
CORO2A,4
DMBX1,4
C7orf53,4
TPTE2P1,4
CCDC69,4
RGL4,4
BFAR,4
BCL6,4
JHDM1D,4
OR52H1,4
GPRIN1,4
TBC1D22B,4
AKR1B10,4
BCO2,4
ZNF280D,4
UVRAG,4
NUFIP2,4
MARCO,4
OR1J1,4
RAD9B,4
PRPF19,4
OR4D6,4
OR3A2,4
HPCAL1,4
CFHR3,4
NKAP,4
ERICH1,4
OR6F1,4
ORC5,4
CCDC11,4
STEAP1,4
AZI2,4
C1QTNF9B,4
MICAL1,4
CYP1A2,4
ZDHHC9,4
CHPF,4
MCCC2,4
NCDN,4
MECP2,4
RNF2,4
MED4,4
RGS8,4
ZBTB2,4
NCAPH2,4
ZFP36,4
TEKT3,4
STARD4,4
PPP2R3B,4
TAAR1,4
TCEAL3,4
KCTD10,4
STX19,4
TM4SF1,4
PAK4,4
VEPH1,4
FIG4,4
IFIT3,4
CHST5,4
FAM22A,4
HPS6,4
NANOS3,4
U2SURP,4
SYT5,4
NKAIN2,4
SPOPL,4
PTPRR,4
NETO1,4
CABS1,4
TNFRSF8,4
EGFEM1P,4
SPDYE6,4
SLC44A2,4
CES1,4
ZNF177,4
OR10Z1,4
CSPG4P5,4
CNKSR3,4
ABT1,4
NDUFAF1,4
ZNF695,4
SMIM43,4
TYW1B,4
DCTN1,4
TMEM161B,4
RPL12,4
YWHAB,4
TMX1,4
RPL3,4
OR10S1,4
SCARA3,4
PSEN1,4
SRSF5,4
C6orf70,4
RBM23,4
CXorf40A,4
LINC00243,4
SGSH,4
ZNF74,4
CTPS2,4
CEPT1,4
SPDYC,4
ARHGEF18,4
OSBPL6,4
SNX4,4
FAM20A,4
MYBPH,4
MTNAP1,4
CRLS1,4
TMEM106B,4
SLC2A9,4
SEPHS1,4
PGA5,4
KLHL17,4
HIST1H2AD,4
ANKRD44,4
PRDM13,4
CDR2,4
ZNF443,4
ZNF420,4
PRRG1,4
PRSS8,4
GOLGA6L1,4
PPP1R17,4
HACL1,4
FBXW4,4
HECTD3,4
SLC45A3,4
SYT8,4
IL5RA,4
EEF1D,4
BICD2,4
HRH2,4
C16orf93,4
AK4,4
CASQ1,4
DGCR8,4
CCDC159,4
OR8I2,4
CTH,4
ERO1L,4
DUSP7,4
CPXM2,4
ZWILCH,4
SAP25,4
SGCE,4
PLEKHS1,4
PLS1,4
FAM134A,4
T,4
BIVM,4
EPS8L2,4
ACSM4,4
STAMBP,4
PSMA5,4
RBM3,4
SDR16C5,4
EIF4G2,4
DYNC1LI2,4
TMEM106A,4
VMP1,4
SCAP,4
C1QTNF6,4
HIPK1,4
OR5W2,4
OR2D2,4
CC2D2B,4
MUS81,4
CYB5R4,4
RARG,4
SLC22A7,4
CDK10,4
CNN1,4
MMACHC,4
HAP1,4
APOL5,4
CRP,4
LYSMD1,4
MED22,4
RIOK2,4
PRAMEF18,4
RFX2,4
HNRNPM,4
AFG3L2,4
MYBPHL,4
SERPINB9,4
MPP4,4
MFN1,4
CAMK2G,4
MEAF6,4
KAT7,4
PDYN,4
CIAO1,4
SDE2,4
CHRM1,4
GLRA4,4
C8orf31,4
ELOVL4,4
FRK,4
RNU2-2,4
PLK1,4
EZH1,4
EXD2,4
PMEPA1,4
IRGC,4
IPCEF1,4
OR8B2,4
OR1D5,4
KRT78,4
DPM1,4
PTOV1,4
POGK,4
C11orf58,4
XRN2,4
ADA,4
RHD,4
P2RX5,4
CD74,4
AARSD1,4
ZNF574,4
TAT,4
AKR1C4,4
TESC,4
PRKACG,4
TMED2,4
TTC22,4
ACSM1,4
SCG2,4
KIAA0391,4
TRNT1,4
OR13C5,4
SPP2,4
CDK17,4
RNF146,4
PNKD,4
NECAP2,4
BTN2A1,4
PHF20,4
PLD2,4
DHRS4L2,4
CD247,4
ELK3,4
CCDC142,4
GPR1,4
B4GALT1,4
TMEM2,4
C5orf45,4
PDE2A,4
DCSTAMP,4
METTL14,4
METRNL,4
LILRA5,4
BIN2,4
IFNAR1,4
FCRL1,4
GJA5,4
DCDC1,4
H3F3B,4
FABP12,4
ACTR3B,4
CDRT1,4
C4orf29,4
ILDR1,4
HECA,4
CCDC144B,4
SH3BGRL,4
NUDC,4
C7orf60,4
URI1,4
FZD9,4
SNX6,4
ST8SIA2,4
FAM170B,4
FAM160B1,4
ALDH4A1,4
HSD11B1,4
SLC6A19,4
ZNF23,4
FAM160B2,4
ASB2,4
FKBP10,4
C11orf82,4
FAM188A,4
TTC23,4
SLC12A1,4
EIF2B4,4
MFAP3L,4
CLNK,4
MFSD9,4
ERAP1,4
IRF8,4
MDM4,4
FST,4
KLHDC3,4
ZNF25,4
C5orf34,4
MRPS11,4
WDR91,4
KNG1,4
GCDH,4
PACSIN2,4
MYO19,4
OR4X1,4
PRDM5,4
DTNB,4
FNDC3B,4
HIRIP3,4
RABL2B,4
IFNA17,4
LRRC63,4
GCNT4,4
IFNA2,4
CATSPERD,4
ETNK1,4
GCNT2,4
PRCC,4
POM121C,4
ADAM11,4
ELOVL3,4
LYNX1,4
STK4,4
LRRC37A,4
NET1,4
ACTA2,4
USP49,4
DAP,4
FOXA3,4
ZMIZ2,4
ZNF252P,4
C3AR1,4
SELE,4
RUVBL1,4
CD163,4
ACP5,4
ADC,4
BROX,4
MOXD1,4
FBXO41,4
SEC14L1,4
KCNK5,4
ECRP,4
SLC4A1AP,4
ADAM10,4
FBXO28,4
KDELR1,4
SP7,4
NGLY1,4
TRAPPC3,4
ZNF853,4
DIO2,4
ZNF280C,4
REXO1,4
APLNR,4
EPB41L4B,4
DOK3,4
NUP93,4
CLDND1,4
OR7A5,4
CR1L,4
ALS2CL,4
C1orf87,4
ENDOV,4
RBM8A,4
RHOBTB1,4
CCDC144C,4
SERPINF1,4
EHD3,4
TIMMDC1,4
TCEA3,4
ADD3,4
RNPS1,4
WDR59,4
SKIL,4
TGM4,4
SAMSN1,4
ZNF512,4
GRM5,4
IL22RA2,4
KDM4E,4
GLB1L,4
SERPING1,4
AHCYL1,4
NDUFB5,4
TRIM25,4
NUB1,4
AMDHD1,4
IQCA1P1,4
CD84,4
AP1M1,4
PPP1R13B,4
AFTPH,4
OR6K3,4
CCNA2,4
PLEKHM3,4
SUPT7L,4
ZNF271,4
BIRC3,4
FUT5,4
STAP1,4
C14orf80,4
C16orf85,4
GOLGA5,4
SRM,4
TNK1,4
SSTR5,4
THSD1,4
IRX4,4
TRDMT1,4
TMEM30A,4
AHCY,4
SRPX2,4
C6orf165,4
MMP24,4
SRP68,4
C12orf5,4
ZUFSP,4
HBP1,4
MORF4L1,4
NEK4,4
BMP3,4
C17orf47,4
ZNF672,4
SMAD3,4
GTPBP3,4
CACNB1,4
IL7R,4
CCL13,4
ZBTB48,4
KRT222,4
ZNF276,4
PLEKHG3,4
RAB30,4
DAG1,4
SEC13,4
CCDC97,4
HDHD1,4
SLC25A53,4
C10orf76,4
CACNA1C-AS1,4
HP1BP3,4
ESRP2,4
HNRPLL,4
TTC14,4
SHC1,4
MKS1,4
TERF2IP,4
IHH,4
FGGY,4
SNAPIN,4
FZD10,4
AFP,4
FAH,4
ZC3H12D,4
RTF1,4
ACSL3,4
IFT52,4
ACAP1,4
UBXN7,4
DHRS4,4
AK5,4
GLP1R,4
EFTUD1P1,4
SRSF2,4
APBB1,4
SRRM5,4
SRCRB4D,4
MIA2,4
TCL6,4
ARNTL,4
FLRT3,4
PRMT3,4
ZNF10,4
OR5K3,4
AGBL4,4
CPN1,4
GALNT14,4
FAM46A,4
ZNF250,4
MPG,4
MAK16,4
CETP,4
FETUB,4
OR56A4,4
MTRF1,4
OR4E2,4
PLA2G4C,4
VIPR2,4
FZD6,4
PAK1,4
BPIFA1,4
POLR3F,4
PNPLA8,4
WDR45,4
MS4A10,4
WIPI1,4
ZNF577,4
HUNK,4
ZNF197,4
CCDC164,4
FBXL14,4
F2,4
SPRR2B,4
SLC25A39,4
UPF1,4
RPL15,4
CYP17A1,4
KATNB1,4
FAM26E,4
OSBP2,4
PISD,4
OR2M4,4
FAM18B2,4
KCTD20,4
TMEM191A,4
TRMT2B,4
CYP4F8,4
CWC25,4
KRT79,4
AZIN1,4
CCDC111,4
ICAM4,4
HNRNPH1,4
COPS3,4
COIL,4
DSG2,4
FAM166A,4
CLOCK,4
FCHO2,4
RUFY4,4
HIST1H1E,4
SLC43A2,4
LDLRAD1,4
MAS1,4
ADARB1,4
PTPN3,4
RAB37,4
ZNF732,4
SCAI,4
ZNF436,4
OR9G1,4
PARVG,4
DEGS1,4
TMEM18,4
DHX16,4
HAS1,4
NBN,4
JARID2,4
EFTUD1,4
KRT13,4
TRAF3,4
ACSM2A,4
POMT1,4
ZNF223,4
POLDIP2,4
STK39,4
ITCH,4
NTM,4
ADCK3,4
PCGF1,4
IFNA21,4
ZNF776,4
PCDHB15,4
HMCN2,4
IGSF5,4
SLC12A7,4
FBXW9,4
SRCIN1,4
MUC1,4
PTTG2,4
TOX,4
FBXW8,4
C10orf90,4
ALDH3A2,4
MAP6,4
ZNF35,4
RNASEL,4
TBC1D14,4
E2F7,4
SLC1A3,4
TMPO,4
RNA5SP283,4
STX2,4
STPG1,4
ABHD13,4
SLC19A1,4
IL17B,4
ASB5,4
MPRIP,4
OR52R1,4
C19orf57,4
MGAT3,4
CCBP2,4
CHEK2P2,4
ERMAP,4
CACNG3,4
TMEM38A,4
HNRNPH3,4
HHATL,4
FAM115A,4
KATNAL1,4
ELF3,4
KDM1A,4
CD151,4
CD1D,4
GPR137B,4
OR5M3,4
RNF169,4
RSPH1,4
NFE2,4
MIR497HG,4
SLC22A3,4
SDC1,4
CDH22,4
SNX27,4
STRN4,4
STXBP1,4
TPGS2,4
TRIM10,4
PLA2G6,4
APTX,4
TRIL,4
CDAN1,4
RAB42,4
ROPN1,4
AMBP,4
ADAM7,4
ADAM9,4
ZDHHC8P1,4
TMEM200C,4
RNH1,4
KRTAP10-7,4
GRB10,4
ESCO1,4
ZCWPW2,4
C1orf94,4
ANKRD52,4
LONRF3,4
SH3GL2,4
REG3G,4
CLDN17,4
UBAP1L,4
TRBV6-8,4
GCC1,4
SNAI1,4
CATSPER1,4
C9orf78,4
LRIT1,4
ACTG2,4
PCDHGA10,4
PTGER4,4
PKD2L2,4
RDH5,4
ATF2,4
AEN,4
MRPL2,4
FAM161B,4
ARGLU1,4
ATP6V1A,4
CHMP2A,4
UPRT,4
ABI1,4
BST1,4
OR4C46,4
RAF1,4
CD207,4
NPR3,4
ARR3,4
RSPH3,4
DCBLD1,4
CCHCR1,4
CFAP95,4
FBXO44,4
LONP1,4
RALB,4
THAP10,4
PELI2,4
CIDECP,4
CLEC4E,4
TTLL9,4
ARHGEF33,4
STARD13,4
TNFRSF1A,4
C1GALT1,4
NOL10,4
MTMR9,4
SYNC,4
CADM1,4
CBY1,4
APEX1,4
EDA,4
CD68,4
RECQL,4
KLRF2,4
LEMD2,4
SLC29A1,4
KAZN,4
SLC39A14,4
HSPA2,4
SND1,4
OR5H2,4
IL17RB,4
SNX14,4
MBOAT4,4
CACNG4,4
NMUR1,4
STIL,4
VASH1,4
YIPF1,4
SLC25A1,4
CA5B,4
C9orf50,4
SCRN2,4
PCIF1,4
STK3,4
SLC22A17,4
DBX2,4
RUSC1-AS1,4
ATP8B5P,4
C19orf44,4
TOPORS,4
SDCBP2,4
SAPCD2,4
SEC23A,4
SETD8,4
RUNDC3A,4
PHF1,4
NR1D2,4
BTN3A2,4
PIP5KL1,4
CMIP,4
LUZP2,4
TLR2,4
PLD3,4
TMBIM4,4
CCDC85A,4
ZNF514,4
REG1P,4
SPDYE4,4
KHK,4
MBTPS1,4
BSX,4
TNFRSF1B,4
TOP2A,4
FBXO5,4
PDZD8,4
OR52J3,4
OBP2B,4
CEP135,4
FAM186B,4
STX11,4
CAMKK1,4
CBLL1,4
CBX5,4
OR52N2,4
CDKN2AIP,4
ALDH16A1,4
OR2T6,4
TAAR9,4
TAZ,4
TBC1D13,4
TBCEL,4
SEC23IP,4
CDC123,4
RGS7BP,4
FBXO40,4
RGS6,4
NDRG2,4
LIX1,4
FLJ10661,4
ARMC7,4
DCAF17,4
ETV3L,4
C1orf65,4
PDHA2,4
PDPK1,4
EIF3B,4
IQCC,4
PFKFB3,4
SPACDR,4
C2orf42,4
TRNAU1AP,4
CASP1,4
PANX3,4
TUBA1B,4
CEACAM4,4
COQ6,4
GTF2I,4
HAS2,4
C1orf63,4
STIM1,4
OR13C2,4
SDCCAG3,4
ZNF730,4
HGD,4
CDYL2,4
CDK6,4
OR51V1,4
OR2Y1,4
CCZ1B,4
ISG20L2,4
ASPG,4
SGCZ,4
IGHG4,4
ATP1B4,4
ATP5F1,4
KIR2DL3,4
LCK,4
HSF5,4
KLK13,4
BBS7,4
OPRD1,4
DNTTIP1,4
RABGGTB,4
RAD23A,4
RALGDS,4
REPS2,4
SLC2A1,4
RBM42,4
TPMT,4
C22orf28,4
PGS1,4
BTNL9,4
BTAF1,4
KLHL12,4
ATRIP,4
GTF2F1,4
PPT2,4
MYSM1,4
HNRNPK,4
GPBP1L1,4
POMP,4
RRP7B,4
ACTL7B,4
KDM8,4
LPHN1,4
SULT1E1,4
OTOP3,4
RIMBP3,4
ZNF747,4
CD300LF,4
TAF6,4
APCDD1,4
SEC23B,4
YIF1A,4
GCAT,4
TSPAN9,4
TUBB,4
UCHL5,4
HOXA3,4
MYOZ1,4
MIER2,4
ZBTB9,4
MEOX2,4
CHRNA10,4
ACADSB,4
WRNIP1,4
CYP20A1,4
KCNA10,4
WASH3P,4
C8A,4
SLC30A1,4
IGHE,4
PIP4K2A,4
IGKV3-7,4
ZMYM5,4
C1orf116,4
C16orf89,4
LSS,4
NAALAD2,4
GALNTL4,4
TNNT1,4
CYP2C8,4
RCOR2,4
DNAJB2,4
ZNF22,4
SUPV3L1,4
COL2A1,4
ITGA3,4
NYAP1,4
CX3CR1,4
MOSPD2,4
TGFBR1,4
CHSY1,4
LPCAT1,4
KIAA1958,4
ETV3,4
KRTAP5-5,4
MPP5,4
DAXX,4
NCF4,4
ENSG00000260175,4
LIPG,4
PBK,4
LRIT2,4
ZNF430,4
CHST1,4
ZCCHC16,4
RORC,4
TBC1D10B,4
ZNF182,4
HSPA1L,4
BEND5,4
KRT72,4
PIP,4
CREB3L1,4
NOP56,4
GRK4,4
GDF3,4
ZNF594,4
FFAR3,4
SMG9,4
ARRDC4,4
UNC50,4
TAS2R64P,4
RPS6KA5,4
RAB21,4
OPCML,4
UBP1,4
PAX2,4
XIAP,4
STRADA,4
CTSA,4
TREM1,4
BCAT1,4
LHX4,4
ARFGAP2,4
UBXN2B,4
C6orf62,4
PTGER2,4
COX5B,4
RABL6,4
KIAA1704,4
AZGP1,4
SCPEP1,4
TXNRD2,4
PPP1R10,4
KRT14,4
CLCA4,4
GRK6,4
PML,4
RHPN1,4
NUPL2,4
PPM1H,4
GAB1,4
MORF4L2,4
ZNF821,4
STX3,4
KGFLP2,4
C3orf67,4
SHMT2,4
ZNF607,4
ZNF562,4
CANX,4
ART5,4
SLC38A5,4
CLEC10A,4
ZFYVE9,4
TNFSF15,4
PLD4,4
SEC14L4,4
ELP5,4
GTF3C3,4
LRRIQ3,4
DNAJC2,4
LENG1,4
CUL4A,4
ZNF45,4
CTSL1,4
CRTAM,4
ZNF33A,4
ZNF414,4
CATSPERG,4
KANK3,4
ULK3,4
LDOC1,4
ZNF614,4
C20orf72,4
UROD,4
CTSL2,4
PIN1P1,4
OR2D3,4
OR5H15,4
TNIP1,4
HELLS,4
TAS1R3,4
ALDH18A1,4
PADI1,4
PAH,4
ALG6,4
HSD3B2,4
TSPAN11,4
SPINT1,4
NUP43,4
ANP32AP1,4
DDB2,4
SOAT1,4
TACR2,4
ARMC8,4
SUN2,4
STK32A,4
AKAP8,4
CCR7,4
SCUBE3,4
DLGAP3,4
PPM1B,4
CYB5R2,4
FCER1A,4
ZNF598,4
KPNA7,4
FAM127A,4
WNT9A,4
AGTR2,4
PCNXL4,4
ABP1,4
PRPF39,4
PRLR,4
PNKP,4
PNISR,4
TPSB2,4
KIAA1522,4
BCLAF1,4
MBNL3,4
PITPNM3,4
SH2D4B,4
C3orf19,4
PKM,4
ZNF510,4
CD99,4
TBX15,4
SLC35E1,4
RRM1,4
CERKL,4
MAP4K2,4
PROS1,4
ACER3,4
CLTCL1,4
NCKAP5L,4
PAPSS2,4
CEACAM1,4
MRPL11,4
EMC9,4
BRCC3,4
ENOSF1,4
ALOX5,4
PRDM8,4
EZH2,4
MORN3,4
ZNF337,4
C1S,4
PTPRS,4
C1orf177,4
C12orf57,4
C15orf52,4
ATXN10,4
CDC25B,4
ZNF716,4
PDK4,4
IMMT,4
ZC3HC1,4
C9orf91,4
MVP,4
MT-CYB,4
NEIL1,4
HSPA9,4
ZNF165,4
CRHR1,4
ZNF382,4
ADAMTS10,4
TM2D1,4
TARSL2,4
CYYR1,4
TRIP4,4
SYNPO2L,4
CRTC1,4
OSCP1,4
PITPNM2,4
TIMELESS,4
TMC6,4
TRIM3,4
TMEM19,4
KCNJ8,4
TUBB4A,4
EYA2,4
HEYL,4
TAS2R1,4
UBE2T,4
TESPA1,4
EXOC6B,4
NSF,4
VSIG10,4
DGUOK,4
CSHL1,4
UGT1A10,4
TFAP2B,4
DLGAP5,4
C2orf18,4
INTS15,4
LILRB4,4
MAGEA4,4
PEX14,4
NRF1,4
RPL13A,4
MAB21L3,4
GLIS3,4
PTMS,4
TAS1R1,4
MB21D2,4
MAP3K6,4
TMPRSS5,4
H2AFY2,4
SEPT14,4
FBXO11,4
STRAP,4
SRPK3,4
CYBRD1,4
ZFP57,4
SLCO4A1,4
DBN1,4
SLC6A11,4
ABLIM2,4
MFSD8,4
RBBP7,4
LCN8,4
EIF2C4,4
UBE2O,4
BGN,4
UGT2B7,4
CNPPD1,4
TCF7,4
COL4A3BP,4
CPA6,4
UQCC,4
ST6GAL2,4
IPO4,4
TSTA3,4
PRELID1P1,4
ZNF772,4
ZSCAN1,4
MAP3K8,4
BBS12,4
KIAA1407,4
VSIG8,4
PRMT7,4
KCNS2,4
NUDT11,4
GOPC,4
DDX20,4
DCTN4,4
TTC39C,4
HAND2,4
CLEC4M,4
GNA11,4
THRA,4
CMAS,4
OR5AU1,4
H2AFZ,4
GPR173,4
ITM2A,4
AQPEP,4
HMGCS2,4
GALK2,4
ALOX12B,4
CISH,4
HTR1E,4
TMED10,4
FCN2,4
FAM189A1,4
NAP1L1,4
ABHD16A,4
POLR3C,4
FGFR3,4
MPP3,4
OR4L1,4
ACOX2,4
NACAP1,4
TCHP,4
DFNB31,4
GABRG2,4
THEG,4
GPT2,4
GHITM,4
GSR,4
SLC4A9,4
SLC6A1,4
CSGALNACT1,4
LPIN1,4
LAYN,4
LHX5,4
TGDS,4
CYP4A22,4
LIPA,4
LIPT1,4
CPEB3,4
DNAJC10,4
LTBP3,4
CFHR4,4
EFHC1,4
SLC22A4,4
DTX4,4
ERV3-1,4
DTHD1,4
NUP54,4
GPR56,4
KRTAP4-16P,4
TGFBR3,4
MSTO1,4
ORC3,4
CORO2B,4
BDKRB1,4
ASNS,4
EAPP,4
KDELC1,4
EBF3,4
CCT6P3,4
FTCD,4
MDH1B,4
MOGAT3,4
EMID2,4
DEXI,4
NF2,4
KITLG,4
KRBA1,4
BRIX1,4
ERLIN2,4
PAN3,4
CTPS1,4
CXCR4,4
GRAMD1C,4
KPNB1,4
DCUN1D3,4
DEPDC7,4
CYP39A1,4
GPR162,4
DCBLD2,4
NIPA1,4
DCLRE1B,4
OPRL1,4
TRIM69,4
EFNA3,4
SV2A,4
SERINC2,4
RPA4,4
P2RX2,4
OR9Q1,4
SEMA3E,4
FNBP1L,4
ZNF3,4
FES,4
FZD1,4
G2E3,4
GALNS,4
KRT24,4
DNAAF3,4
NUSAP1,4
TRMT5,4
GDAP1,4
CHIT1,4
SPANXN2,4
F11R,4
CCT8L2,4
IL1RAPL2,4
ZNF468,4
TRIM39,4
MKLN1,4
ZNF519,4
FBXO42,4
PLXDC1,4
TMEM165,4
DUS3L,4
TIMM17A,4
HOXA9,4
TGM3,4
OR4Q3,4
LRRC71,4
GEMIN2,4
CLEC9A,4
PQLC2,4
KRT71,4
ASGR2,4
PPARA,4
EFCAB4B,4
SVOPL,4
RFWD2,4
B4GALT5,4
ZNF75A,4
TAAR5,4
TRIM64C,4
TCIRG1,4
RTKN2,4
ECHDC2,4
RPL22,4
FGF6,4
NDUFA9,4
C21orf119,4
ISL1,4
AIFM1,4
SCCPDH,4
HEXB,4
RASSF7,4
CLYBL,4
DFFA,4
SLC7A6OS,4
ZNF615,4
LAMP3,4
LECT1,4
KEAP1,4
OR2A7,4
MYF6,4
CCDC73,4
HPD,4
ZNF202,4
ARID4A,4
OSR2,4
NEK3,4
HIST1H2AE,4
PPP2R1A,4
LANCL2,4
IRF4,4
CTAGE1,4
AP5B1,4
C3orf37,4
O3FAR1,4
C10orf118,4
SAMD4B,4
PANX2,4
GSN,4
PPID,4
GLB1L2,4
KRT23,4
ZNF554,4
RUNDC3B,4
SIAH1,4
EPT1,4
ZNF512B,4
CTGF,4
DDX43,4
KHSRP,4
CMKLR1,4
C5AR1,4
SCLY,4
RASL11B,4
PCYT1A,4
SPATA16,4
GTF3C4,4
REG1B,4
CD300LD-AS1,4
ZBTB32,4
SLAMF1,4
LHFPL3,4
FOXP2,4
DPAGT1,4
OR2AK2,4
SLC8A2,4
FAM219A,4
GPKOW,4
TNIP2,4
MAB21L2,4
MCCC1,4
ZNF567,4
DDAH1,4
CLIP4,4
MC3R,4
OSBPL11,4
OR5A2,4
UGT2B17,4
HCLS1,4
OR51D1,4
CSTF2,4
HTR3E,4
IMPDH2,4
AGMAT,4
HAO2,4
MFF,4
ZNF624,4
MARCH6,4
KRTAP5-4,4
TPK1,4
SESTD1,4
PTGFRN,4
TLE1,4
KIAA1279,4
MYEF2,4
KHDC3L,4
CNST,4
NARS2,4
RSPH10B,4
MRGPRX2,4
CDC16,4
PRSS3,4
KIAA1737,4
ITGA2B,4
AADACL4,4
PLAC8,4
EIF3D,4
PYROXD2,4
OPALIN,4
MFN2,4
HS6ST3,4
SLC16A11,4
DDHD1,4
PIK3R2,4
FAM178A,4
PGBD3,4
CHPT1,4
SLC2A2,4
SEPT2,4
MCM6,4
BLOC1S1,4
ARPC1B,4
PON1,4
POM121L12,4
FAM178B,4
P4HA3,4
SPATC1,4
ZBP1,4
AGAP5,4
DDX46,4
ASMTL-AS1,4
FAM153C,4
SLC11A1,4
OR8B12,4
SHD,4
RBM41,4
FAM120B,4
XK,4
SLC9A7P1,4
RALY,4
MRAP,4
P4HA1,4
WDR43,4
NAB2,4
CES1P1,4
KIF3A,4
TAS2R8,4
TECRL,4
ZNF705E,4
KLK3,4
HM13,4
OR13C4,4
LARP4,4
PVR,4
GBP1,4
SP6,4
NT5C2,4
FZD7,4
IGLV5-45,4
IL24,4
CPSF4,4
RIBC1,4
MSLNL,4
TFG,4
MAD1L1,4
NOX5,4
NTSR2,4
LIN9,4
NTPCR,4
PET112,4
PPP6R1,4
PARVA,4
SLC25A25,4
ITGB3BP,4
KIF20A,4
GCLC,4
HSD17B10,4
ATG13,4
VPS51,4
CLK3,4
PIGZ,4
STAC2,4
CBWD5,4
SIX6,4
BCCIP,4
RXFP3,4
PIK3AP1,4
ALDOB,4
DDX17,4
FN3K,4
FUT8,4
FRMD1,4
NUDT6,4
KLK1,4
XCR1,4
IPO11,4
HARS,4
PNMA5,4
MAG,4
MAPK7,4
IYD,4
TRBV7-3,4
RECK,4
PPTC7,4
GLIPR1,4
RAD51,4
NUDT7,4
DYRK4,4
PIR,4
KRT8P11,4
NEDD1,4
IGFLR1,4
SLC7A8,4
SIRPA,4
TOR1AIP1,4
AGTR1,4
SMR3A,4
KIAA0141,4
KEL,4
AIM2,4
MPZL1,4
MPP7,4
SLC22A14,4
KAT2A,4
CRLF3,4
ABCD2,4
MAP4K3,4
IGHV2-26,4
FSD1L,4
ELOVL6,4
ST14,4
CD300E,4
OR10H2,4
SEPT5,4
ZBTB46,4
IKZF5,4
ZNRF1,4
ZNF569,4
GAA,4
GARS,4
IPPK,4
GLUD1,4
TCP10L2,4
YTHDF2,4
SLC16A10,4
ZFP30,4
ZIK1,4
PRPS2,4
GDI2,4
GTF2H3,4
NOL4,4
FAF2,4
IRF9,4
SH3GLB1,4
LGALS14,4
PLSCR2,4
NVL,4
RANGAP1,4
ZNF211,4
RND1,4
CXorf26,4
ASTE1,4
PGLYRP4,4
KRT4,4
ZNF525,4
PSMA7,4
PPP4R2,4
TCEAL6,4
NTMT1,4
MYLK3,4
CCNYL2,4
PLEKHA8,4
SLC6A6,4
HNRNPKP3,4
EFS,4
LINC00521,4
DOK1,4
FCAMR,4
MKNK1,4
FAM189A2,4
GCOM1,4
DNALI1,4
PSMD5,4
TFR2,4
TBKBP1,4
FAM185A,4
HIST1H3F,4
CNDP2,4
ADSL,4
PHYHIP,4
ST6GALNAC3,4
MAD2L1,4
CD79B,4
STOX2,4
FCGR3A,4
FCGRT,4
WDR65,4
SLC35A1,4
ERVMER34-1,4
TCEAL2,4
INTS4L1,4
TRPV5,4
ASB3,4
FGF8,4
MTIF2,4
ALG12,4
GJA1,4
KRT27,4
C6orf58,4
ZYG11B,4
MEGF6,4
TBX20,4
CROCCP3,4
OGFOD1,4
SERPINB3,4
U2AF2,4
SLC10A5,4
UBASH3A,4
TMEM189-UBE2V1,4
EPN3,4
DLG3,4
OR10A6,4
UPB1,4
WHSC2,4
PIWIL4,4
TCF3,4
ITGA6,4
CD46,4
OR2A14,4
RBM24,4
HDAC8,4
DUSP18,4
RILPL1,4
ZDHHC15,4
FHL5,4
KPNA2,4
UBXN4,4
ATP13A2,4
KIAA2013,4
LPCAT4,4
LCA5,4
OR1A2,4
OR1L4,4
SCN3B,4
ABHD6,4
COPG2,4
ARMCX3,4
ZFR2,4
SLC25A10,4
APOA5,4
CNOT10,4
IL23R,4
PKP3,4
ZNF645,4
TSNARE1,4
PM20D2,4
CCDC8,4
JAKMIP3,4
ZNF642,4
JAKMIP1,4
FLVCR2,4
INVS,4
HTR1F,4
SMTNL2,4
SPAG8,4
BOLA1,4
ATP4B,4
CSNK1A1,4
NDFIP2,4
IFNA13,4
OR2B3,4
PRDX5,4
PRKACA,4
OR7D4,4
BARX2,4
ARHGAP44,4
TMEM59L,4
TNFSF4,4
OR2C3,4
ZNF8,4
ABHD12,4
SLC35G5,4
MCM9,4
UNC93B1,4
ZNF192,4
PSG4,4
FLJ39653,4
GRIN3B,4
CFB,4
FILIP1L,4
ZNF259,4
NUP85,4
MCMDC2,4
TCEB3C,4
ATP9B,4
SHISA6,4
OPN1SW,4
ZNF331,4
MXD1,4
SCAMP3,4
SLCO2B1,4
CNGA1,4
FMO5,4
WDR31,4
TMOD3,4
RP2,4
CPXCR1,4
PROSC,4
HNF4A,4
B4GALNT1,4
APOL4,4
C1orf123,4
CALHM2,4
ZNF248,4
TXNDC15,4
GIMAP1,4
CCDC48,4
CECR1,4
SNAPC1,4
COTL1,4
OR10H1,4
ZNF827,4
F7,4
FAM82B,4
TTPAL,4
PUS7L,4
SERTAD3,4
RGS17,4
NR2C2,4
AK7,3
CASP2,3
JAGN1,3
SKI,3
IFITM3,3
JUN,3
TMCC2,3
RPL8,3
PAX7,3
ANKIB1,3
CAPRIN1,3
RNASE11,3
ADH6,3
ST7,3
HORMAD2,3
TRMU,3
TXLNA,3
DDX47,3
OR52B4,3
CRISPLD2,3
IL25,3
BZW1,3
RNU11,3
CRYZL1,3
TBCCD1,3
PTGDR,3
PLA2G3,3
TMEM252,3
ACAT1,3
IGKV2D-30,3
NR3C1,3
SHC2,3
SCGB2B2,3
ZIC5,3
GINS2,3
FBRS,3
TCERG1L,3
COX7A2L,3
PSMB11,3
C17orf61,3
SPRED3,3
ERCC2,3
PSKH1,3
MMP10,3
CXorf64,3
MOK,3
SLC25A6,3
IGHV3-53,3
FAM173B,3
IL10RA,3
ACOT1,3
TNNC2,3
ANXA4,3
KRT6C,3
AMIGO1,3
CDH3,3
ALKBH1,3
MCAT,3
PODXL2,3
WBP1,3
DMRTC2,3
POLE2,3
WDR1,3
CDC37L1,3
CCDC93,3
CCDC92,3
UFSP2,3
PIAS1,3
CLDN19,3
TRIM52,3
TPI1,3
C10orf129,3
C2orf81,3
TATDN1,3
LINC00471,3
RPL10A,3
ATXN3L,3
FAM155B,3
TMEM167B,3
CDK20,3
SLC7A4,3
MMRN2,3
PRSS27,3
BAK1,3
DCUN1D1,3
C17orf101,3
AKR1B1,3
HIST3H3,3
OR4N5,3
MRAS,3
FAM196A,3
IGKV1D-12,3
PATL2,3
OR4K14,3
NFS1,3
OSBPL2,3
PAPSS1,3
PPP1R15A,3
FAM46C,3
FAM69C,3
SLC38A3,3
SLC13A5,3
NFYB,3
B3GALT4,3
CD38,3
KLB,3
SERPINB11,3
BTBD10,3
SLC5A1,3
SPDYE3,3
LZTFL1,3
MPPED2,3
HIST4H4,3
REST,3
FANCE,3
EMB,3
ATP6V0B,3
NINJ2,3
PRR11,3
C1orf106,3
LYSMD4,3
VSIG10L,3
CSTL1,3
SNUPN,3
CLK1,3
WDFY1,3
SLC1A4,3
MAD2L2,3
KIAA1430,3
NBPF3,3
MYL6,3
NOXO1,3
NAPSB,3
HDAC11,3
NBPF20,3
NCK2,3
OR8K5,3
CCNE1,3
IFIT1B,3
NONO,3
IGKV1D-42,3
OR4D2,3
AFAP1,3
ZNF708,3
ACBD3,3
PWWP3A,3
CD3E,3
NARFL,3
IDI2-AS1,3
SF3A1,3
NKPD1,3
ALB,3
WDR75,3
OBP2A,3
CREBZF,3
COQ3,3
ANKRD20A2,3
ZNF501,3
ANGPT2,3
AFG3L1P,3
RAD17,3
EPN2,3
TMEM167A,3
LRCH4,3
NMI,3
VAMP2,3
CDR1,3
NKD2,3
IFNE,3
SHQ1,3
EIF2B2,3
OR6C3,3
OLFML1,3
TCTN3,3
APOL1,3
MRPL20,3
MRVI1,3
CERK,3
AURKB,3
UBE2E1,3
STIM2,3
FABP6,3
TADA2A,3
RTDR1,3
OR13D1,3
SLC17A5,3
TEAD3,3
ARNT,3
MTMR14,3
C19orf42,3
SNRPG,3
ADPRHL1,3
RNF133,3
SPDEF,3
SPDYE1,3
MRGPRX4,3
LINC00152,3
OR5A1,3
CCDC42,3
KCNJ13,3
MUT,3
MAP9,3
KIAA1919,3
FABP9,3
CLSTN1,3
RASGRP3,3
C9orf41,3
NRSN1,3
VRK2,3
NAA11,3
CLEC2A,3
VIM,3
SEMA3G,3
PGLS,3
FAM221A,3
COX15,3
CA10,3
CRISP1,3
CYP4F3,3
MRPL48,3
LGALS1,3
DDX6,3
EFEMP2,3
SAMD8,3
ENKUR,3
EMILIN1,3
ENSG00000229702,3
C8B,3
PDCL3,3
CHP1,3
ZNF295-AS1,3
CENPL,3
GUCY1B3,3
GYG1,3
DARS2,3
RARRES3,3
XKR7,3
HHLA2,3
CAPN11,3
KIR3DL1,3
GALNTL1,3
PIK3IP1,3
CCDC36,3
OR8A1,3
PPP2CA,3
CDKL4,3
ZNF705A,3
CDK7,3
PIGW,3
ASPRV1,3
PUS1,3
PICK1,3
ZNF280B,3
ZNF121,3
CD83,3
CYSTM1,3
CDK2,3
GDA,3
GUCA2B,3
CYP4F30P,3
FAM78B,3
HTR3A,3
DDX1,3
KIAA0930,3
NSMCE4A,3
IFIT5,3
DNAJA3,3
IGKV1D-43,3
CAMK1D,3
GRAMD1A,3
GLRX2,3
INSC,3
ECHDC3,3
CCDC157,3
IRF6,3
ELL3,3
SPP1,3
C12orf44,3
MBP,3
TSPAN6,3
FARSA,3
CTAG2,3
ARIH1,3
CRELD2,3
FKBP9,3
LMAN2,3
LRWD1,3
LRRC36,3
SPOCK3,3
PDIK1L,3
TAS2R50,3
NACA2,3
GJD4,3
GGTLC1,3
PCOLCE2,3
FBXO3,3
IQCF3,3
LAX1,3
PGM2L1,3
PDE4A,3
ASIC4,3
C4orf26,3
DIXDC1,3
RHOB,3
AMN1,3
GGPS1,3
GJB4,3
GSTA1,3
GSTA5,3
PCGF5,3
FBXO22,3
EIF1AX,3
POC5,3
HOXD10,3
SLC7A1,3
FASTKD3,3
HCN2,3
RQCD1,3
SNRNP35,3
MME,3
ATP6V1H,3
WBSCR22,3
BPIFC,3
PFDN6,3
KPNA4,3
C19orf47,3
FKTN,3
C6orf47,3
C14orf105,3
PICALM,3
OR2W3,3
MEX3B,3
C16orf3,3
CAPG,3
CCDC151,3
RXFP2,3
PTCRA,3
TBRG1,3
RP9P,3
PRDX3,3
OIT3,3
TIMM23,3
NIM1,3
PSMA6,3
PSMD6,3
C6orf222,3
PUF60,3
MALT1,3
DPEP1,3
EXD1,3
RARA,3
AKR1E2,3
GARS1,3
RHOJ,3
ATF4P4,3
METTL8,3
CCR3,3
GLT25D1,3
GJD2,3
FAM83H,3
DUOXA1,3
WFDC5,3
C2CD2,3
VN1R4,3
WASF2,3
FAM3B,3
WDR55,3
MTBP,3
LAIR2,3
DNASE1L2,3
HINFP,3
CTDSPL2,3
HIST1H2BE,3
ZNF836,3
ZSCAN10,3
HIST1H4E,3
IFNA14,3
SPINT3,3
P2RX4,3
OTOR,3
OR5B12,3
CPNE6,3
SPAG4,3
TTC32,3
NEIL3,3
SRR,3
BRF2,3
CDX2,3
TREH,3
TMEM219,3
FAM126B,3
CSRNP1,3
TAF1A,3
OR6C65,3
ANGPTL6,3
ZNF324B,3
CYP4F22,3
PRAMEF6,3
SQLE,3
PKIG,3
MAPK14,3
ARGFX,3
CCDC169,3
PLAC1L,3
KLHL20,3
FAM102A,3
MASP2,3
C3orf38,3
MPPE1,3
SYT10,3
ANKRD10,3
NXPE4,3
RAB33A,3
PGK2,3
LGALS9,3
NSMCE2,3
PPIL4,3
SMOX,3
CDC40,3
HCRTR2,3
HEXDC,3
GCLM,3
SSX6,3
ABCD4,3
KIF2C,3
NSUN3,3
GCK,3
PRSS12,3
FYTTD1,3
TXNL1,3
FBXO32,3
TMPRSS9,3
TEX264,3
RAD51D,3
PPARD,3
OR2AG1,3
DHCR7,3
MBL1P,3
LRFN4,3
SOCS4,3
CFAP276,3
GPR119,3
PAPL,3
NAALADL1,3
OTUD3,3
OCLN,3
LOC105369145,3
MAGEA6,3
ENTPD2,3
PANK3,3
EPM2AIP1,3
USP32P2,3
PDE8B,3
SLC35E3,3
CORO1B,3
FBXL17,3
CEACAM19,3
COL9A2,3
SLC25A28,3
POLR3D,3
RRM2,3
TIMP1,3
MRPL53,3
TEKT2,3
SNAI3,3
MBD4,3
SEC1P,3
LCE2B,3
NT5DC1,3
EIF2AK2,3
FAM50A,3
NETO2,3
UGT2B10,3
SRPK1,3
ZNF260,3
CYTH1,3
MCM3AP-AS1,3
NDUFB1,3
CAPN13,3
AKT1,3
PROC,3
OR1Q1,3
TESK1,3
LAG3,3
CYBB,3
MAPK8,3
MOS,3
CDK16,3
RELB,3
EEF1DP3,3
C16orf87,3
ANKRD22,3
RNASE7,3
GATA2,3
GPR15,3
GHRL,3
DNAJC28,3
ITGAE,3
CEMP1,3
UNC119B,3
YAF2,3
TMEM115,3
NR2E1,3
SLC22A15,3
SPATA9,3
PGBD1,3
FRMD5,3
C3orf33,3
LINC00299,3
NUFIP1,3
C4orf51,3
C20orf111,3
GATAD2A,3
RAB14,3
NCK1,3
BRI3,3
FGF5,3
SPO11,3
GLT25D2,3
RINT1,3
CYP26A1,3
LINC00661,3
TECPR1,3
SIK1,3
ICAM3,3
SNRPD2,3
CHST11,3
SFN,3
METTL15,3
CLRN3,3
GNLY,3
IVD,3
DAPK2,3
GPM6B,3
HEATR2,3
HOXD8,3
TEX34,3
SAE1,3
TUBAL3,3
GUF1,3
SPARC,3
MEF2D,3
CPZ,3
CACNG7,3
TMC1,3
GAD2,3
DDX11L9,3
SLC19A2,3
SEMA7A,3
SALL3,3
HOXD11,3
IL15,3
HMGB1,3
FAM169B,3
TMEM185A,3
FNIP2,3
VSTM2A,3
OR6B3,3
ZNF830,3
TFDP1,3
AP5M1,3
KCNJ14,3
C9orf66,3
FAM110B,3
CIDEA,3
RBFOX3,3
MDP1,3
DDX10,3
C21orf58,3
UBFD1,3
TMEM143,3
ACR,3
NKX2-2,3
ZSCAN29,3
ERVFRD-1,3
RGS16,3
OR52D1,3
GNAI2,3
FUT6,3
FAM136A,3
IFNA16,3
RASL11A,3
ZNF259P1,3
MSI2,3
NEK2,3
NAA10,3
PPP1R8,3
GIPR,3
KLK8,3
MIR519E,3
MPC1,3
SNX20,3
DND1,3
NSDHL,3
CALCA,3
S1PR4,3
UBQLN1,3
CTDSPL,3
SULT2B1,3
ENOX2,3
B3GALT1,3
SLC25A11,3
CLEC4F,3
DCLK3,3
STK17B,3
UQCR10,3
S1PR1,3
RUSC2,3
MEG3,3
SPATA4,3
NHLRC1,3
MAP2K5,3
UBASH3B,3
USP22,3
LAMP5,3
VTN,3
WNT8B,3
FLJ37453,3
FAM210B,3
FAM207A,3
WFIKKN1,3
ZNF146,3
CLDN12,3
WDR82P1,3
MNT,3
TMEM81,3
TMEM35,3
SLC6A20,3
LONRF1,3
SASH3,3
STX16-NPEPL1,3
SAT2,3
FTL,3
ZNF561,3
SERPINB10,3
IFNA10,3
CNNM4,3
RRN3P2,3
NOSTRIN,3
STOML1,3
OR3A3,3
MYL5,3
TGFB3,3
RAD51C,3
TCEANC2,3
ABI2,3
C1orf122,3
FOXC1,3
EOMES,3
EME1,3
IL2RB,3
ORMDL1,3
EIF3K,3
TCF7L1,3
TRIM36,3
HMGB2,3
GBP3,3
GIN1,3
ZDHHC22,3
E2F3,3
SPATA5L1,3
CSRP1,3
TEFM,3
ATIC,3
CRABP1,3
KRT10,3
RSPH10B2,3
IGHV3-30,3
LMX1B,3
SLC35D2,3
PNMA2,3
SDHB,3
PIPOX,3
FCN1,3
PRKCH,3
PRH1,3
MAGEA10,3
CDCA7L,3
PLEKHA7,3
OR4F6,3
OR6N1,3
FAM75B,3
FAM57A,3
MRFAP1L1,3
SIL1,3
HPN,3
SNX21,3
SMARCD2,3
NLK,3
DHX35,3
GNB1L,3
CRYZ,3
UBE2J1,3
SSTR3,3
SNPH,3
OR4S1,3
UNC93A,3
CNPY2,3
OR52I2,3
SCRN1,3
RPP40,3
PRRT1,3
RAB40C,3
PABPC1,3
NR2E3,3
CLK4,3
MTMR6,3
FUCA2,3
ETV7,3
EIF2S3,3
MYO1G,3
NPY2R,3
C1QTNF9B-AS1,3
CAPS,3
DGKZ,3
GPR124,3
FOXP4,3
FOSB,3
PTGES3,3
CYP2C9,3
SLC35C2,3
DCUN1D4,3
VARS,3
C16orf80,3
MRPL38,3
DCLRE1A,3
VAMP7,3
SLC6A12,3
UBR7,3
TTC30B,3
DOK2,3
CSAG1,3
FUT3,3
SNORD96A,3
SLC25A30,3
MEIS3,3
DACH1,3
RABGAP1L,3
NDN,3
TIPRL,3
RDH16,3
COG7,3
ANKRD5,3
CXCL6,3
GLOD4,3
GK5,3
HCFC1R1,3
DNAJC5B,3
CD69,3
GPER,3
GPRC5C,3
CPSF3L,3
IRAK1BP1,3
UBA5,3
EIF5,3
FGF7,3
GSTA3,3
CXorf66,3
DPY19L2P2,3
EXOC3L1,3
MPI,3
BCL7C,3
OR2L5,3
C1orf226,3
OSBPL7,3
CRELD1,3
WWOX,3
WBP4,3
C1RL,3
TAS2R38,3
TERT,3
GJA8,3
TAS2R41,3
TBL3,3
ZNF552,3
ALPPL2,3
CASP9,3
PVRL4,3
TMEM80,3
FOXE3,3
FOXD4L1,3
FIGNL1,3
EXOSC2,3
FIGF,3
PCDP1,3
PWP1,3
FERMT1,3
FBXL3,3
SAAL1,3
SLC9A3,3
TCAIM,3
ZNF597,3
DUSP26,3
MIIP,3
PRPF38A,3
AOC4,3
CHRFAM7A,3
RPS9,3
GIP,3
RGS1,3
ZNF224,3
PRPSAP2,3
ATCAY,3
EDEM2,3
PDGFB,3
GET4,3
KLHL5,3
CDX4,3
IL17RA,3
CLEC2D,3
YY2,3
OC90,3
LGI3,3
HADHB,3
ADSS,3
ZBTB39,3
BIN1,3
KCNAB1,3
BCS1L,3
ARL10,3
ARSG,3
UPP2,3
ATP6V1G3,3
BAG4,3
GPR107,3
SNX5,3
BATF3,3
TTLL11,3
ATP6V0C,3
LANCL3,3
BIRC2,3
PSMA8,3
OAS1,3
BACC1,3
OR52W1,3
FAM35B,3
FAM69B,3
IKZF3,3
IL29,3
ACTR1B,3
ZC3H3,3
ENPP5,3
FLJ45832,3
RTN4IP1,3
HDGFL2,3
C11orf31,3
IL28RA,3
TTC6,3
ACPL2,3
LCE2D,3
HMBOX1,3
DPT,3
PMP2,3
OR10G7,3
AIFM2,3
FBXW12,3
ITPRIP,3
COPS6,3
RPL13P5,3
CPSF7,3
CPVL,3
SRFBP1,3
CTSL3,3
DMRT3,3
DFNB59,3
TTC26,3
UGT2B28,3
IGHD,3
EMC7,3
SMUG1,3
ARHGEF3,3
LARS2,3
VWC2L,3
KCNJ5-AS1,3
FAM104A,3
ASH1L-AS1,3
KRTCAP2,3
ARPC5,3
GINM1,3
C5orf63,3
C8orf47,3
CABLES1,3
CCDC47,3
PEG10,3
POU4F3,3
CCDC84,3
CDC7,3
KRTAP4-8,3
CELA1,3
DNAJC27,3
LPPR5,3
OR2T11,3
IGF2BP3,3
SLC19A3,3
JAKMIP2,3
SLC25A44,3
TMEM175,3
SSR2,3
SLC17A3,3
SPATA24,3
TANK,3
ZPBP2,3
SEZ6L,3
RAB11FIP2,3
STX10,3
APBB2,3
RAB40A,3
NUDT9,3
BIRC7,3
CCNT2,3
MFAP2,3
KRTAP6-1,3
CDK3,3
RSF1,3
ZNF385B,3
MAP2K3,3
FASTKD1,3
GPR183,3
CHAT,3
CLEC6A,3
B4GALNT3,3
CRX,3
ZNF189,3
DPYS,3
WNT2,3
ZNF192P1,3
NSUN6,3
MYBL1,3
HSD17B6,3
PLSCR3,3
GSDMA,3
CELA2A,3
CBS,3
ATF5,3
EEFSEC,3
CHIA,3
FER1L4,3
TSSK2,3
DBX1,3
MYCN,3
CLDN2,3
ARSH,3
IMPACT,3
ANXA5,3
METTL13,3
C4B,3
HVCN1,3
VNN3,3
TMEM140,3
GATM,3
ZNF736,3
IGHV3-7,3
IGLL5,3
FKBP4,3
C6orf89,3
NMNAT2,3
MIR550A1,3
EFCAB8,3
DTL,3
HIST1H2AL,3
CACNG5,3
FUZ,3
CAMKMT,3
LSP1,3
MKRN2,3
C7orf72,3
PRDX1,3
PRR4,3
SH3GL1P1,3
HOXB13,3
DGKA,3
ZNF295,3
SPAG11B,3
ZNF556,3
RUNX3,3
FAM83F,3
NFKBIB,3
TUBB2B,3
CBX1,3
MRPS22,3
DHX40,3
IGKV1-39,3
TNFRSF19,3
LTV1,3
TTC27,3
ARSJ,3
SLC25A2,3
TBC1D3P1-DHX40P1,3
FAM82A2,3
TSPYL1,3
PAX8,3
PI15,3
TSPYL4,3
YEATS4,3
MT-ATP6,3
TMPRSS13,3
MRPL51,3
SLC5A4,3
FAM123A,3
FCHSD2,3
TSPAN32,3
H6PD,3
HAVCR1,3
MFGE8,3
UBXN8,3
RCAN3,3
RAB19,3
SYNDIG1,3
EOGT,3
C8G,3
ADTRP,3
ARRDC3,3
ALDH2,3
APOH,3
ENSG00000249034,3
ETF1,3
CD3G,3
WDYHV1,3
UPK1A,3
ACY3,3
EXD3,3
TBK1,3
OR6Y1,3
DTYMK,3
SIGLEC12,3
RNGTT,3
MRPS30,3
TAF6L,3
COMMD7,3
SLC35D1,3
TRBV5-4,3
TRAF3IP1,3
POLR2C,3
ZNF326,3
TPST2,3
PEX7,3
DAO,3
TOR1B,3
GNAO1-AS1,3
ANKRD61,3
MFSD12,3
ZDHHC13,3
GNA14,3
GID8,3
ITPK1,3
ZNF643,3
ZNF679,3
MATN4,3
OR13A1,3
MMP27,3
FAM182A,3
SLC35B4,3
PRKRA,3
RNF135,3
RBBP5,3
CRYGD,3
OR1L6,3
NDST4,3
OR4K5,3
C16orf45,3
CNP,3
MYD88,3
MOBP,3
FAM117A,3
GXYLT1,3
PAFAH1B1,3
FGR,3
BHLHE40,3
TOR3A,3
VDAC1,3
APOBEC2,3
CSNK2A1,3
CYP3A5,3
ANKS4B,3
DIO3OS,3
GRPEL2,3
MSI1,3
GABRE,3
YBX1,3
CYB5A,3
SERTAD2,3
XRCC5,3
CEACAMP10,3
PIF1,3
OR5B3,3
LGALS3BP,3
CYR61,3
LYZL1,3
ELMOD3,3
EDNRA,3
FAM214B,3
WIPI2,3
VPS26A,3
CERS1,3
DNAL1,3
CAPN12,3
IGHV1-69,3
PRC1,3
KRT6B,3
TRA2A,3
ATF6B,3
STK32C,3
ZNF678,3
LYSMD3,3
IGHV3-74,3
OR8U1,3
TOMM40L,3
RAB38,3
JMJD7-PLA2G4B,3
IVL,3
IGFL2,3
GMDS,3
EIF2B1,3
HLA-DMB,3
OSGEPL1,3
AP1M2,3
MINPP1,3
OR11H4,3
C1orf141,3
PLAA,3
FEN1,3
C7orf34,3
PMM1,3
NACC1,3
MTMR7,3
PSMD4,3
LPGAT1,3
OR6C6,3
OR5D18,3
KRTAP19-6,3
TIMM22,3
KIR2DL1,3
DLL3,3
CREB1,3
DNAJB6,3
GAL3ST3,3
C15orf38,3
SLC22A20,3
ZC3H4,3
C11orf92,3
NMBR,3
NCKIPSD,3
KIF25,3
BNIP3P1,3
CLEC12A,3
ZNF680,3
DCAF4,3
SIX1,3
ZIC2,3
CYP3A43,3
DDX39A,3
XYLB,3
ZFYVE27,3
TFRC,3
VNN1,3
SEPHS2,3
DECR1,3
TIRAP,3
STEAP2,3
SLC25A31,3
VTCN1,3
CHGA,3
SLC32A1,3
CCKAR,3
DEFB125,3
ZNF107,3
WDR70,3
FAM102B,3
FRMD4B,3
GTF2E2,3
ARFIP1,3
PPT1,3
ALKBH5,3
ANP32E,3
CLDN10,3
PPM1M,3
ANKRD53,3
OR51F2,3
HOXC4,3
LMO3,3
GRM4,3
ZNF18,3
HS2ST1,3
DCX,3
BCL10,3
SOX3,3
PIGB,3
PTPN2,3
YARS2,3
PRR16,3
LMNB1,3
SOX2,3
LMBRD1,3
RPL19,3
ERAL1,3
ACHE,3
TSR2,3
LEPREL2,3
DPPA2,3
C14orf169,3
C19orf40,3
HIBCH,3
UGT3A2,3
UPP1,3
SPI1,3
ANGPTL2,3
AVPR2,3
TRAPPC4,3
RFFL,3
LHX6,3
LIMS2,3
SRPRB,3
UBE2Q2P1,3
TBC1D20,3
SNX29,3
VN1R1,3
KRT8,3
DSC3,3
GAN,3
C4orf3,3
RPN2,3
TMEM196,3
RESP18,3
ATPAF1,3
VSTM2B,3
ALG1,3
ELAVL4,3
ZNF491,3
HNRPDL,3
PLP2,3
MRI1,3
PELI3,3
OR5B17,3
OR4C11,3
PFKFB4,3
TP53TG1,3
NEFL,3
MMP8,3
SULT1C3,3
CPA2,3
MEGF9,3
GGN,3
APITD1-CORT,3
LRRN4,3
PMPCA,3
C8orf44,3
AIG1,3
CDH2,3
CPNE3,3
CYP2A7,3
CCNJL,3
SLC24A2,3
DIRC2,3
SMPD1,3
MSTN,3
SLC35G3,3
SLC35B1,3
PAPOLB,3
TMEM136,3
PAPD4,3
RIC8B,3
ST3GAL1,3
OR2A1,3
FAM81A,3
TMBIM1,3
MADCAM1,3
CAPN14,3
TMEM184C,3
TMEM181,3
CCDC91,3
RHOQ,3
GLRA3,3
SLC16A9,3
SERPINE2,3
C2orf65,3
LRRC8B,3
RNF215,3
THPO,3
FOXD4,3
RNPC3,3
MIR1257,3
KCNJ4,3
ZBTB26,3
HMGB1P5,3
GPR77,3
HNRNPUL2,3
HIST1H2AJ,3
KRT31,3
MND1,3
MBNL1,3
MTHFS,3
OR5F1,3
TMEM79,3
GIMAP6,3
RBM45,3
RTBDN,3
GTF2F2,3
ZNF665,3
HCAR3,3
IRAK4,3
TTC19,3
CES2,3
THAP1,3
TSEN34,3
TMEM38B,3
C10orf128,3
AQP12B,3
VDAC2,3
BLOC1S2,3
TKTL2,3
IPMK,3
TTC5,3
NYAP2,3
PADI4,3
RHBDD1,3
NPHS2,3
GALNT1,3
CCDC61,3
WDR38,3
CLP1,3
MRC1,3
GNB3,3
SENP2,3
MGAT4C,3
PARP12,3
RSBN1L,3
SLC26A11,3
WIF1,3
RPL23AP7,3
KRBA2,3
FAM175B,3
RBBP9,3
LBX2,3
C3orf70,3
SNX10,3
OR10T2,3
SUMO1,3
MTMR2,3
NOD2,3
RBM22,3
MCRS1,3
TINAGL1,3
IMPDH1,3
IP6K1,3
SLC27A1,3
GRXCR2,3
SZRD1,3
AAAS,3
BBS5,3
C8orf48,3
SYVN1,3
ZBTB37,3
KDM1B,3
ANKRD2,3
TOM1L2,3
HSPA4L,3
YTHDC1,3
SH3YL1,3
ARMC12,3
UTP15,3
CRYM,3
KIAA1456,3
PEX13,3
GINS4,3
UNCX,3
PSMC3,3
KCTD1,3
KBTBD2,3
SAMD7,3
RPS4X,3
KRT34,3
WNT8A,3
RNFT2,3
RFPL4A,3
CRTC2,3
ITPRIPL1,3
COL10A1,3
SDR39U1,3
C20orf43,3
FAM172A,3
EGR2,3
DPP7,3
HIST1H2BH,3
WDR27,3
PAQR8,3
NABP2,3
BLNK,3
TYMP,3
MOCS1,3
CBFA2T2,3
RRAD,3
UBA2,3
TRIM16L,3
CIDEB,3
APH1B,3
MSMP,3
ZNF600,3
CISD3,3
C12orf42,3
KRTAP13-3,3
IKZF4,3
IP6K2,3
GOT1,3
DNAAF1,3
CD55,3
ZFAND2A,3
NIT2,3
GRASP,3
ST3GAL2,3
METTL21C,3
GRTP1,3
SLFN12,3
CALCOCO1,3
TCN1,3
SIAE,3
TOR1AIP2,3
RRAGD,3
ZNF174,3
GJB3,3
RASA4CP,3
GPR180,3
JAG2,3
ANO7,3
RNF212,3
ASB1,3
PKNOX1,3
IFRD1,3
STX5,3
IGHV4-61,3
FAM198A,3
CABP5,3
RCC2,3
XPNPEP1,3
IFFO1,3
NR1I2,3
NSUN2,3
OR8B8,3
PTH2R,3
PATL1,3
CCDC42B,3
APOBEC3G,3
TMEM201,3
FBXO25,3
SEPT3,3
HPCAL4,3
ANKH,3
KLK12,3
KDM6B,3
ARF1,3
MOGS,3
TOR1A,3
HEY2,3
DIRAS2,3
ADH7,3
KRTAP20-3,3
ZNF655,3
ENSG00000184909,3
DAND5,3
HSP90AA1,3
LINS,3
MAF1,3
FUNDC1,3
SNRNP40,3
ERCC8,3
OR1S1,3
PLCB3,3
TOB1,3
AKR7L,3
AQP3,3
DCAF12,3
SPATA7,3
SGCD,3
SERINC1,3
FAHD2B,3
SLC9A5,3
SLC5A2,3
ALDOC,3
SYS1,3
ZNF571,3
NT5M,3
TNFRSF11A,3
MAK,3
AP1S1,3
ARID3C,3
MAT1A,3
IRF1,3
PHOX2B,3
OR5M8,3
FOXD3,3
TMEM50B,3
GKAP1,3
ERI2,3
MPV17L,3
ANGPTL1,3
TRIM14,3
TMED4,3
SHMT1,3
ZNF157,3
IGBP1,3
TEPP,3
HSD3B7,3
ARMC10,3
SNX3,3
THUMPD2,3
PSMD11,3
PTP4A2,3
PODXL,3
TRMT10A,3
GOLGA6L7P,3
SPIRE1,3
PEX5,3
TMEM179,3
CHRDL1,3
P2RY4,3
SGK3,3
ST8SIA4,3
SSBP4,3
SH3GLB2,3
RNF167,3
SLC35G6,3
SPRR1A,3
NSMAF,3
HSPA12B,3
KRTAP3-2,3
H2BFM,3
PRICKLE1,3
FBLN1,3
CLEC4A,3
KIAA0895,3
YJEFN3,3
ZNF44,3
SERPINB4,3
SLC2A10,3
SERPINA11,3
AGXT2,3
RUNDC1,3
APOBEC1,3
CLEC4C,3
SFXN3,3
MBNL2,3
RIT2,3
TNFRSF9,3
RNFT1,3
UTP3,3
POLL,3
RANBP10,3
WHAMM,3
DUPD1,3
ARG2,3
TBCC,3
PAX4,3
OR4C6,3
C1QTNF9,3
RIT1,3
CCNB1IP1,3
PSMC5,3
PRIM2,3
FABP5P3,3
FLJ38723,3
PPM1J,3
FAM107B,3
BUB3,3
ARL11,3
HOXA13,3
PILRA,3
C16orf7,3
KRTAP9-7,3
POTEG,3
TAS2R42,3
KIF18B,3
IGKV3D-15,3
C20orf152,3
RAB1B,3
ANKRD42,3
IGLV3-32,3
AUNIP,3
SLC7A6,3
IL33,3
ATOH8,3
IMPA1,3
ADRB3,3
ATXN3,3
SLC16A13,3
STAG3L4,3
NPL,3
SLC14A2,3
OLFM2,3
CLEC18A,3
MITF,3
SHCBP1,3
PCMTD1,3
MAGEA3,3
BBOX1,3
BFSP2,3
RIPPLY1,3
RGMB,3
P2RX7,3
OR6M1,3
CLEC18C,3
RARS2,3
EIF3E,3
ASB7,3
FAM45B,3
MRO,3
PSPC1,3
ARL1,3
MED8,3
LRRC55,3
OPA3,3
RHOBTB3,3
ADAM18,3
LIM2,3
SEMA3B,3
CIAPIN1,3
CNTN5,3
DSC1,3
C9orf171,3
B2M,3
SLC25A34,3
SKA1,3
TWISTNB,3
PRKAB2,3
MOAP1,3
SIGLEC11,3
C8orf74,3
DVL1,3
ANXA7,3
OR2J3,3
TMEM53,3
CALCRL,3
KCNJ3,3
PRAMEF13,3
MSX1,3
HADH,3
CAP2,3
ZNF702P,3
CHST3,3
SPPL2B,3
NEGR1,3
CD8A,3
PHTF1,3
TNFAIP2,3
POLK,3
ZNF234,3
FAM217A,3
GOLGA6L10,3
SMAD5,3
SPIB,3
ZNF500,3
GNL1,3
B4GALT4,3
CDC20B,3
ABCG5,3
CSRNP2,3
OR2A4,3
NPDC1,3
RACGAP1,3
SOAT2,3
GRIN1,3
DGCR6,3
ENPP6,3
C12orf71,3
FNDC5,3
FAM129B,3
DHX29,3
THUMPD3,3
AATF,3
KRTAP10-8,3
VEGFC,3
TRIM71,3
NOL12,3
AKTIP,3
TMPRSS11E,3
GOLGA6D,3
LRRC10,3
ZMYM1,3
FZD5,3
OR1I1,3
NTN1,3
CERS3,3
C14orf101,3
ZNF212,3
SNORD116-22,3
DEFB113,3
UNC5C,3
ZNF654,3
TRIM38,3
SPATA17,3
POFUT1,3
DNAJB7,3
SLC22A18,3
IL10RB,3
ACSS1,3
LUC7L3,3
DCDC5,3
TEX13B,3
ARL15,3
ARMC6,3
CCDC148,3
TMEM108,3
ANKDD1A,3
CAPZA2,3
AIPL1,3
ADAMTS8,3
TIAL1,3
ZNF296,3
KIAA1984-AS1,3
VWA5A,3
MTERFD2,3
ASF1A,3
SPR,3
MSR1,3
SLC2A7,3
SEPT7L,3
SERPINB6,3
SNTB2,3
ARHGAP22,3
CDK15,3
ARPC5L,3
HSP90B1,3
RIN1,3
CXXC11,3
PRND,3
PTH2,3
XKRX,3
CTSS,3
MTARC2,3
SORD,3
CRHBP,3
VSTM1,3
NT5DC2,3
SERPINE3,3
WTIP,3
ZMYND12,3
CLIP3,3
ZNF860,3
R3HDML,3
CLIC6,3
TUFT1,3
BTNL2,3
ZWINT,3
MAP7D1,3
DNER,3
ZNF304,3
ZNF628,3
ZNF558,3
RNF8,3
MTERFD1,3
SLC25A4,3
IL18BP,3
SLC39A10,3
SGMS1,3
RGMA,3
ALDH3A1,3
CBR1,3
HOXA1,3
PBX4,3
SLC47A2,3
ZNF660,3
UEVLD,3
B4GALT6,3
C10orf88,3
DACT1,3
ZNF354C,3
TFEC,3
PLEKHF2,3
TRAP1,3
ZNF232,3
L2HGDH,3
DMRTA1,3
KRTAP6-3,3
SLC5A8,3
SLC26A2,3
KRT17P2,3
ZCCHC13,3
CLINT1,3
ZRANB2,3
CHAF1B,3
ZNF570,3
KLK2,3
KLHL3,3
POU3F2,3
ZNF575,3
TRIM47,3
ZNF610,3
CYP2E1,3
COPB1,3
IRF5,3
FAM127C,3
ZNF471,3
ATG3,3
PDCL2,3
BACH1,3
KRTAP24-1,3
GFRA3,3
BCL3,3
C19orf12,3
RHAG,3
C1orf111,3
C9orf37,3
OR10G2,3
CACNB4,3
ZNF398,3
ZNF282,3
CCND2,3
ZNF280A,3
CD44,3
ZNF227,3
HOXC6,3
TNNT3,3
ASUN,3
ZNF662,3
ARSF,3
ADAMTSL5,3
ANKRD33,3
IQCE,3
SQRDL,3
RALYL,3
USE1,3
USP46,3
ZNF727,3
CLCN1,3
MRPL15,3
ZSCAN22,3
PYGL,3
HIST1H2AM,3
ZNF783,3
AGMO,3
ALDH5A1,3
DUSP21,3
XXYLT1,3
APPBP2,3
ZNF673,3
ANKRD33B,3
PDP1,3
HMBS,3
TEKT1,3
GPR160,3
OR5K4,3
REG1A,3
TM9SF2,3
AMZ1,3
CTSB,3
FAM162A,3
CHADL,3
PHB2,3
YAP1,3
CCDC102B,3
TTI2,3
TIMM8A,3
PHF11,3
VPS35,3
TACC3,3
SLC3A2,3
TRADD,3
SLC52A2,3
MCM5,3
PEX2,3
ACTBL2,3
SEPP1,3
DRP2,3
ADPRHL2,3
DDX11L1,3
DNAJB8,3
MRPS18C,3
TBXAS1,3
TRIM32,3
TCEA2,3
CDC37,3
SRXN1,3
SEMG1,3
SIK2,3
TUBB4B,3
TRMT12,3
SLC18A3,3
SLC35E2,3
NDOR1,3
MIF4GD,3
LDHA,3
TKT,3
BHLHE41,3
CD37,3
OR10V1,3
B3GALNT1,3
RNA5SP392,3
SLC9A3R1,3
SECISBP2,3
TPCN2,3
VWA2,3
ZBTB7B,3
SRSF4,3
MAGEB18,3
LYPLAL1,3
TRMT44,3
PLEKHA8P1,3
OR52K1,3
CECR5,3
DCPS,3
TEX13A,3
LPAR6,3
FIBIN,3
FH,3
ZFP90,3
ZGPAT,3
BTBD16,3
CENPK,3
CLGN,3
EEF1A2,3
KIF22,3
ZNF37A,3
LCE1A,3
SCG3,3
NUDCD2,3
RTN4RL2,3
RSPO2,3
UGT1A6,3
ZCCHC18,3
MELK,3
BMP8B,3
BHMT2,3
CD274,3
UBLCP1,3
PTPLAD1,3
CIB4,3
CWF19L1,3
TRIP6,3
SNRPN,3
COG6,3
HOXC10,3
ZDHHC12,3
SCGB2A1,3
GATA1,3
CALM1,3
FUS,3
C9orf89,3
RAB4B,3
C20orf160,3
ADAM5,3
RPUSD4,3
IL17RE,3
SERPINA10,3
SCNN1A,3
SETMAR,3
SGOL1,3
EPHX1,3
ZDHHC19,3
OR4C5,3
SLC30A4,3
SDSL,3
SLC7A7,3
PITX1,3
TRAPPC12,3
SLC22A12,3
CXXC1,3
RBFOX2,3
LINC00667,3
PLK1S1,3
PGRMC1,3
ENSG00000254553,3
LEO1,3
SNRNP27,3
GLYCTK,3
PRKAR2B,3
ARHGAP10,3
ZNF879,3
SLC51A,3
GOLGA7,3
CETN2,3
EFHA1,3
EIF2S1,3
C1orf52,3
GOLGA8IP,3
FCGR2C,3
SLC24A5,3
SMPDL3A,3
SH3BP5,3
HIP1R,3
WDR54,3
TRIM7,3
TRPV4,3
ULBP3,3
TSPAN7,3
ETFB,3
USP38,3
FBXL19,3
RAPH1,3
FAM83G,3
WFS1,3
KLF10,3
ZBTB1,3
RAB36,3
RAB10,3
ST8SIA3,3
ZNF221,3
SERPINA9,3
PRSS42,3
ZNF850,3
ZNF98,3
TRIM48,3
TRIM26,3
WDFY2,3
TMEM97,3
SOX7,3
ANXA3,3
SPG7,3
RTN1,3
SPOCK2,3
ST6GAL1,3
ZBTB44,3
RRP9,3
RPL17-C18orf32,3
SLC25A3P1,3
WIPF2,3
OR1L8,3
TDG,3
DDX25,3
TGIF2,3
FBXO31,3
RNF139,3
TMEM171,3
RIMS3,3
MICA,3
SNX9,3
PDSS2,3
TSTD2,3
DUSP19,3
GFRA2,3
GIMAP5,3
GJA4,3
FOXD4L3,3
HPGDS,3
TUBA1A,3
GSTK1,3
DZIP1,3
GPR52,3
SPRYD3,3
DPPA3,3
GRHL1,3
TRIM54,3
CXorf67,3
GTF2IRD1,3
HAPLN3,3
RGL1,3
CPEB4,3
GRAP2,3
DCAF13,3
MRPS7,3
FOLR3,3
UBE2L6,3
E2F6,3
DDX54,3
YWHAZ,3
XPR1,3
DLAT,3
DNAJC1,3
WDR74,3
IL17A,3
GSS,3
FPR2,3
QTRTD1,3
WBP2,3
KHDRBS1,3
EPSTI1,3
F2RL1,3
USP6NL,3
KIAA1147,3
FICD,3
EDIL3,3
COPE,3
TMEM14B,3
TRAM1,3
MDM2,3
TEX26,3
DUSP6,3
TAS2R5,3
STEAP3,3
SYTL1,3
NCEH1,3
IFNK,3
ZNF33B,3
NGF,3
SWAP70,3
ZNF844,3
TSSC2,3
OAT,3
GTSF1,3
OR51G2,3
IGFALS,3
STRC,3
STK17A,3
LRRC37BP1,3
TFCP2L1,3
MAGOHB,3
C3orf32,3
KLHL18,3
CDH13,3
IL12B,3
SLC2A4,3
UCP3,3
CCDC104,3
KCNA2,3
KIF9,3
BAG3,3
TMEM74B,3
TMEM56,3
INHBE,3
TMEM235,3
LACTB2,3
GPR63,3
LGALS3,3
C15orf23,3
CLECL1,3
LNPEP,3
TRBV20OR9-2,3
C20orf94,3
MRGPRX3,3
OGFRL1,3
CLDN14,3
KIR3DL3,3
KCNMB3,3
KY,3
PRPF18,3
OR10H3,3
PDCD4,3
PPP1R13L,3
GAPDHS,3
SCARB2,3
HRH3,3
SERPINB13,3
HOXA2,3
PPP1R9B,3
HLCS,3
TRBC2,3
FPR1,3
PRKAR2A,3
HIST1H2AG,3
WNT3A,3
TTL,3
CEACAM16,3
FAM3C,3
INPP1,3
TRMT61B,3
SYNE4,3
FBXO2,3
PAF1,3
PARP11,3
KCP,3
KHDRBS3,3
KCNIP2,3
BMP2,3
ITPK1-AS1,3
OR5K2,3
PDE6B,3
KBTBD7,3
BOLL,3
PPIB,3
IGF2BP1,3
GCH1,3
C16orf78,3
SLC44A3,3
CDHR5,3
FBXO39,3
TPH1,3
B3GNT9,3
SAMM50,3
GZMA,3
FAM59B,3
HEPACAM,3
CYBASC3,3
PLA2G12B,3
HSD17B3,3
FAM199X,3
NLE1,3
PIP5K1B,3
C17orf62,3
MORN5,3
OR12D3,3
OR2A12,3
OR4X2,3
SUSD1,3
WFDC2,3
FAM118B,3
BEST4,3
C19orf73,3
G6PC2,3
C11orf88,3
FGFR1OP,3
RALGPS1,3
LGALS13,3
ENSG00000187461,3
KRTAP17-1,3
RCC1,3
LPAL2,3
SNAPC3,3
DRG2,3
ATP2A3,3
GABRA2,3
SERPINI1,3
RIPK2,3
DNAJB13,3
C5orf28,3
CCBL2,3
GALNT3,3
GALC,3
MMP26,3
CCDC121,3
KLHL36,3
TRBV5-1,3
ZNF132,3
RNF180,3
SEC62,3
RHBDL3,3
CHCHD3,3
FAM108A1,3
IL27,3
NRIP3,3
MID2,3
PLEKHN1,3
GAS2,3
SSR1,3
OR2G2,3
CEP104,3
ENSG00000211459,3
MSX2,3
BSG,3
SIX3,3
FGF3,3
GFPT1,3
GSTM4,3
CNPY1,3
NPBWR1,3
LRRC23,3
NDRG3,3
LRAT,3
TMEM150A,3
MRPL55,3
SGMS2,3
KIAA1671,3
CMTM7,3
DHRS2,3
HIPK4,3
POLR1C,3
FOXN2,3
FBXO46,3
FAM46B,3
FAM120AOS,3
MYADM,3
EIF3F,3
EFNA1,3
NFKBIA,3
NDRG4,3
MTA3,3
BLCAP,3
ARHGEF35,3
RNF217,3
LAMTOR2,3
KRTAP4-1,3
C14orf159,3
C1orf31,3
RFX5,3
OR1E2,3
MTUS1,3
CYP27B1,3
FAM222B,3
LRRC2,3
RELA,3
COX7B2,3
LDHC,3
RASSF4,3
DPF2,3
RAB3A,3
QRFP,3
PVRL1,3
LINC00265,3
OR9G4,3
ATF1,3
NEU1,3
YIF1B,3
MAMSTR,3
PPP1R12C,3
PITPNB,3
ANTXRL,3
PCYT2,3
ADRA2C,3
GFRAL,3
ACP2,3
UBE2D3,3
NDUFB9,3
DMP1,3
MPL,3
RTP2,3
RPS27L,3
PIK3R6,3
BRD4,3
GPR151,3
RAET1K,3
OR10A3,3
MUL1,3
ERP27,3
LCE1C,3
HSF1,3
LPL,3
FSCN2,3
OR3A1,3
CEACAM21,3
C11orf48,3
CCT6P1,3
CCDC41,3
IPO5,3
APBA3,3
ZNF883,3
POP4,3
HOXB-AS5,3
ZDHHC17,3
AGXT2L1,3
APOL6,3
C16orf5,3
FAM220A,3
CCDC22,3
TAB2,3
PAAF1,3
CHRNB3,3
OR2AG2,3
AVPI1,3
GRAMD3,3
HEXA,3
NAA15,3
IFNG,3
IKBIP,3
TAPBPL,3
KLHL29,3
OR4K13,3
PLCXD1,3
SLC18B1,3
MBD3L3,3
CLIC2,3
OR56A3,3
BMI1,3
NFKBIE,3
OR10G8,3
OLIG3,3
DTX3,3
PHF6,3
DHRS4-AS1,3
NUCB1,3
PIH1D3,3
NOL7,3
UBE2D2,3
TNFRSF11B,3
NXPH1,3
SYT12,3
LINC00588,3
STARD7,3
COA1,3
CCT7,3
EFNA4,3
GAD1,3
NGFRAP1,3
SLC37A4,3
NEUROG3,3
CHKA,3
CDKL3,3
ACTR10,3
CASC3,3
OGN,3
OR6Q1,3
BVES,3
MRPS33,3
ARG1,3
AGPAT6,3
CA1,3
KCMF1,3
GPT,3
ASB4,3
ZNF396,3
MRPL18,3
C2orf56,3
MRPL16,3
NOTUM,3
ALG9,3
RPL7,3
TPTEP1,3
ADPRH,3
NAA20,3
PRSS58,3
ZNF141,3
LPAR4,3
CAP1,3
TTPA,3
PAQR9,3
ARMC1,3
DEK,3
TRIM5,3
SIRPB2,3
IMMP2L,3
PYGO1,3
NBL1,3
KRT84,3
PDCD10,3
CHCT1,3
AADAT,3
C3orf43,3
ADCY6,3
ADCK1,3
SUFU,3
ZNF408,3
SLC14A1,3
EBLN2,3
SRP72,3
C11orf40,3
CXADRP3,3
DHRS12,3
CSTF1,3
PDCD1,3
DBNDD2,3
CD63,3
SERINC3,3
CLU,3
FAM122C,3
MSGN1,3
NDUFS7,3
FDXR,3
EFNB3,3
ANKDD1B,3
ZW10,3
NARS,3
RSAD1,3
TBL2,3
UROS,3
SYP,3
KLF6,3
SNAPC4,3
TSPAN1,3
SNX31,3
CXCR2P1,3
PCDHGB8P,3
SLC25A47,3
CHIC2,3
PRAG1,3
TPD52,3
EDN3,3
TP53TG5,3
RNASE9,3
DYNC2LI1,3
OR8S1,3
SLC44A4,3
DNAAF2,3
SLC6A18,2
CDC23,2
GSTP1,2
CERS6,2
SLC22A23,2
C1QB,2
C20orf96,2
PPP1R16B,2
MAT2B,2
MIR205HG,2
GAGE13,2
ALDH9A1,2
HSCB,2
MARVELD3,2
PDLIM4,2
BTBD6,2
PROZ,2
TAGLN,2
CLDN15,2
ZNF750,2
ANKRD55,2
FUOM,2
LYPD4,2
MIR211,2
CTSG,2
DKKL1,2
RAB17,2
CMTM2,2
CREB3,2
IGHV1-24,2
IQCF1,2
NKIRAS1,2
CDC45,2
MRPS25,2
MIR522,2
NDNL2,2
OCIAD1,2
TRAPPC1,2
RNF144A,2
MRPS5,2
SIRT5,2
SCGB1C1,2
RPS6KA4,2
GALR1,2
GULP1,2
PKMYT1,2
ZCCHC9,2
MLEC,2
WARS2,2
ETV4,2
RMND5A,2
TRMT10C,2
HIATL1,2
NDUFA7,2
ARIH2,2
ACADS,2
FGB,2
JPH2,2
C6orf132,2
CST11,2
LAIR1,2
BACE1,2
TP73,2
CST9L,2
CARD16,2
UBE2QL1,2
PACRG,2
KCNJ5,2
SLC51B,2
MPP2,2
MICU1,2
UBL3,2
ADAM30,2
ANKRD16,2
PRR3,2
PHF13,2
RPL32,2
BST2,2
MIR195,2
SLC25A16,2
POR,2
SLC47A1,2
RNF208,2
TMEM8B,2
TTLL12,2
TSR3,2
CPA3,2
POMK,2
APOOL,2
TBC1D3B,2
PPP1R42,2
IL36G,2
C19orf53,2
ZNF117,2
XKR3,2
WWC2-AS2,2
UXT,2
CCL21,2
USP14,2
TUSC3,2
DEPDC1B,2
TRPV1,2
TRAV12-1,2
TMEFF1,2
IFNA1,2
TALDO1,2
IL13RA1,2
IRF2BP1,2
SPIC,2
SLC7A13,2
SLC3A1,2
SLC16A7,2
ZNF493,2
C12orf66,2
RGS10,2
ULBP1,2
TRAPPC2P1,2
CASP6,2
CUL1,2
LOXL1,2
OMD,2
SNRNP25,2
SNRPB,2
DGKQ,2
ZNF184,2
TOE1,2
SYCE3,2
ELANE,2
BTBD9,2
ASAH2,2
EEF1B2,2
GDF2,2
BBS4,2
YY1,2
SPAST,2
RPUSD3,2
RBMX2,2
CCDC90A,2
IFNGR1,2
HTR7,2
HOXA4,2
HMSD,2
PLA2G12A,2
HMGA2,2
HMGA1,2
HDHD2,2
GZMK,2
GTF2H1,2
SIX5,2
UFSP1,2
GSTCD,2
GRK5,2
GNAI1,2
GCM1,2
ANXA9,2
GAL3ST4,2
FOXO3,2
FOXO1,2
TAS2R13,2
IL1R1,2
RAP1A,2
IPO7,2
RAB6C,2
RAB3D,2
R3HCC1,2
SNORD115-48,2
PRKACB,2
POPDC3,2
OR10G3,2
NUDT1,2
MAX,2
MAEA,2
ALG8,2
LYZL2,2
LY6D,2
LRRC19,2
LHFPL5,2
KPNA6,2
DEDD,2
KCNK10,2
FLOT1,2
CXCL17,2
FJX1,2
OLFM1,2
LMLN-AS1,2
ERH,2
TREX2,2
OPN5,2
CCNJ,2
PCBP3,2
ENSG00000262323,2
KCNK6,2
MCFD2,2
EDEM1,2
KRTAP5-2,2
PPP4R1,2
RFNG,2
MCF2L-AS1,2
IFT46,2
LMLN,2
DGCR5,2
C5orf44,2
UBE2E3,2
MT-ND1,2
GPX8,2
MIR486,2
WBSCR16,2
SLC46A2,2
FAM71D,2
ZEB2-AS1,2
PIGC,2
LYPLA2,2
MIR614,2
C9orf163,2
DLX3,2
MOSPD1,2
MAOA,2
C1orf109,2
ST6GALNAC2,2
RBM18,2
SOGA3,2
MIR516A2,2
LOC338651,2
C10orf32,2
SLC7A11-AS1,2
ZNF487P,2
FKBP1A,2
MIR410,2
FKBP2,2
EAF1,2
DOLPP1,2
RSG1,2
RRP15,2
NPTX1,2
MIR2113,2
C2orf69,2
NPTN,2
MOB3C,2
OTUD6B,2
FTH1P10,2
DDO,2
MFSD7,2
DKFZP686I15217,2
CYSLTR2,2
TOMM40,2
LCAT,2
SUN1,2
GOLPH3,2
TUBB3,2
GJB6,2
S100PBP,2
SFRP4,2
ACAA2,2
SCAMP1,2
DDX39B,2
TRIAP1,2
HMGN2,2
C2,2
C9orf9,2
CTNS,2
TRBV29-1,2
NOVA2,2
HLA-DQA1,2
CTRL,2
ANKLE1,2
GTPBP10,2
GPR89A,2
CCDC153,2
DLX4,2
SPOCD1,2
IGHV3-23,2
FAM83E,2
FGFR1OP2,2
FBXO38,2
SYNGR4,2
GLT8D2,2
RPS20,2
NAPA,2
MRPS31,2
FMO6P,2
OR7E24,2
CCL4L2,2
HOXA10,2
OR7G3,2
HOXA-AS3,2
FLJ42102,2
FAR1,2
CDK1,2
TAF9,2
MTX2,2
BRK1,2
DKFZp434L192,2
GSTO2,2
ZMYND19,2
SSB,2
MKX,2
AKAP14,2
PROKR2,2
FAS,2
SLC39A1,2
RSPRY1,2
RNF38,2
RNF26,2
SHISA5,2
UBXN2A,2
PRLHR,2
KRTAP10-1,2
PEBP4,2
PABPN1L,2
NKX2-5,2
RDH14,2
AMD1,2
HAX1,2
GLIPR1L2,2
GATAD2B,2
DUS1L,2
C7orf49,2
C21orf2,2
SNORA67,2
KRTAP1-5,2
RPUSD2,2
NHLRC3,2
FNDC9,2
ZADH2,2
TOMM7,2
TMEM25,2
TMCO5A,2
TFPT,2
TBRG4,2
SH3D21,2
RELT,2
PDZD3,2
OR5B21,2
OR51S1,2
STAMBPL1,2
NBPF4,2
KRTAP5-9,2
KRT15,2
KISS1,2
KCNAB3,2
JAZF1,2
UBQLN3,2
FAHD1,2
FAM92A1,2
OR10D3,2
CHST12,2
C19orf10,2
SESN2,2
KLRC2,2
EIF3H,2
N4BP3,2
NUDT3,2
CENPBD1,2
ZDHHC2,2
NUDT12,2
TBX1,2
STK11,2
C3orf26,2
DOLK,2
FOXI1,2
TBX2,2
C2CD4D,2
LDLRAD3,2
MARCH8,2
TADA1,2
XCL1,2
ZNF100,2
ADHFE1,2
FAM72D,2
MED26,2
OR5H14,2
NUDT17,2
NFIL3,2
NSMCE1,2
PRKCZ,2
TIGD2,2
GUCY1A3,2
BAG6,2
SFTA3,2
ADPGK,2
ATP5SL,2
PLOD1,2
RASD2,2
MARK4,2
MAPK9,2
RNF115,2
PALM,2
LRP5L,2
KLK14,2
SMPD2,2
AIMP2,2
CHTOP,2
CNIH2,2
CTSZ,2
DTNBP1,2
DGUOK-AS1,2
CHP2,2
CFL2,2
FAM105A,2
CES5AP1,2
CCDC81,2
CALCR,2
C6orf130,2
C3orf17,2
C10orf82,2
BOD1L2,2
B4GALT7,2
B4GALT3,2
ASNA1,2
APOA4,2
URM1,2
DTWD2,2
HERC2P9,2
ZNF284,2
FBXO10,2
SHC3,2
ARHGDIB,2
NT5C3L,2
ONECUT3,2
RHO,2
TUBB6,2
OR51C1P,2
CALU,2
LRRC34,2
GBP1P1,2
MOB1B,2
FKBPL,2
DDX56,2
CCDC99,2
NOSIP,2
C1orf43,2
CNTD1,2
SULT1A2,2
OSCAR,2
EXOC3L2,2
ABTB1,2
CACYBP,2
ARHGAP19,2
AADACL2,2
SNORD115-20,2
THAP4,2
HMP19,2
DHRS7C,2
TRIM22,2
VPS72,2
SLC39A2,2
BIRC5,2
C10orf53,2
ECI2,2
CXorf56,2
KCTD16,2
ERCC1,2
TMEM139,2
LRRC30,2
DCP2,2
PDK2,2
HERC3,2
NOLC1,2
C6orf211,2
LIG4,2
C2orf29,2
IGKV1D-8,2
HOMER3,2
CRY1,2
CLVS1,2
CCR9,2
LINC02913,2
C3orf45,2
C7orf25,2
C1orf64,2
BASP1,2
CASP10,2
ALDH1A2,2
NKX2-3,2
C7orf43,2
LEUTX,2
LCN10,2
C9orf64,2
FAM190A,2
MRPL28,2
C9orf85,2
CNN3,2
CA12,2
MGRN1,2
MSRB3,2
NAGLU,2
NCALD,2
AMIGO2,2
KRTAP27-1,2
ANKRD1,2
AP3B2,2
HHLA3,2
APOBEC3D,2
DPM3,2
CYS1,2
ARID3A,2
ARL13A,2
ASB14,2
CINP,2
ATP6V0E2,2
BAG5,2
BCDIN3D,2
BCL2L1,2
BTBD18,2
C15orf44,2
RNA5SP284,2
LINC02915,2
TMEM223,2
SMOC1,2
C17orf85,2
CAPZB,2
CCBL1,2
DRD4,2
DBNL,2
PI4KAP2,2
PAWR,2
CHRNG,2
COMMD10,2
LARP6,2
CTBP1,2
CXCR5,2
IRX3,2
ZNF620,2
CYP8B1,2
DAPP1,2
ATP6V0E1,2
CCDC38,2
ENOPH1,2
CCDC88B,2
DCN,2
TCF19,2
POU1F1,2
IL1RN,2
FLCN,2
TIMM17B,2
DNAJC5G,2
FASLG,2
BAIAP2,2
PLEKHB1,2
CXorf40B,2
SFXN4,2
CLDND2,2
CCNYL1,2
ZCCHC7,2
LDB1,2
TRIM11,2
CD200,2
ZCCHC10,2
SIT1,2
MTFR1,2
MBL2,2
LHX2,2
KCNK3,2
CEND1,2
CER1,2
CERS5,2
IGHV3-48,2
CGB1,2
RNF170,2
CHCHD2,2
CIMIP6,2
CHRNA5,2
BLZF1,2
PSTPIP2,2
CLDN11,2
MOG,2
NXT1,2
OR8D2,2
TREML1,2
BTG4,2
CKB,2
DPCD,2
FUT4,2
MTCH1,2
TMEM168,2
HMOX1,2
SIRT2,2
SLC7A11,2
HDGFL3,2
AGAP4,2
C16orf53,2
PARD6G,2
PGAM4,2
OTOL1,2
FGF16,2
CCDC115,2
PLP1,2
C12orf28,2
C18orf8,2
PRMT6,2
WFDC6,2
TAC1,2
ST8SIA6,2
CD2BP2,2
FAM86FP,2
XKR8,2
FEZ2,2
RBP5,2
OPTC,2
CDKN2A,2
CTU2,2
CERS4,2
APOPT1,2
SCAMP5,2
ACAP3,2
CAB39L,2
MCL1,2
FZD4,2
RPL22P19,2
PODNL1,2
OR51J1,2
NCBP1,2
LY6G6F,2
NXPH2,2
OR7A10,2
LINC00617,2
KCTD17,2
GPR152,2
FOXL2,2
FGF20,2
RD3,2
PPP2CB,2
PEBP1,2
ZDHHC8,2
SHISA2,2
GOLGA7B,2
PLA2G2D,2
DCDC2,2
ERI3,2
PGLYRP2,2
HBA2,2
OR8B3,2
ZNF490,2
USB1,2
FAM134C,2
TTC9B,2
TRBV6-6,2
TMEM184B,2
TGIF2LX,2
SRA1,2
SEBOX,2
SAP30BP,2
ACTR3,2
PRKAG1,2
PMS2P3,2
ADRM1,2
ADSSL1,2
SLC10A2,2
ACTR6,2
MTMR10,2
CLEC14A,2
CKLF,2
WBSCR27,2
ZNF639,2
RGN,2
CSNK1G1,2
NDUFAF2,2
MAPRE2,2
MRPS6,2
FAM27A,2
ELOVL7,2
ZNF92,2
ZIC1,2
ZACN,2
PTK6,2
POLR3K,2
PLAGL2,2
BHLHE22,2
ZNF195,2
HIST1H1B,2
IFT27,2
FEM1A,2
ELP3,2
LINC00032,2
DPP9,2
SRD5A2,2
IRF7,2
NEURL2,2
ZNF136,2
ZDHHC23,2
ZCCHC4,2
ZAR1L,2
WDR16,2
VAPB,2
MYO1C,2
UCHL1,2
NANP,2
TULP2,2
NEU3,2
TTC13,2
OR14A16,2
NFU1,2
GOLGA8E,2
TSNAX,2
PFDN1,2
TRIB1,2
TRBV7-4,2
OLA1,2
H19,2
TNFAIP8L1,2
HBEGF,2
OR10A4,2
ZNF226,2
MOB1A,2
MMP19,2
MLF1,2
SPATA20,2
LNX2,2
ZFP41,2
UBE2J2,2
TMEM31,2
SNX2,2
LSM14A,2
PFKFB2,2
LTBR,2
COMMD3,2
CALML5,2
C7orf23,2
LYAR,2
ACP6,2
ZNF683,2
OR7G1,2
LYZL4,2
GDF5,2
MAP2K2,2
ZNF713,2
ZNF70,2
MIS12,2
ZNF641,2
HEXIM1,2
TMCO1,2
DSCR3,2
RP9,2
SLC10A7,2
SKA2L,2
PGGT1B,2
SEPT7,2
PHF21A,2
PHF7,2
SEMA4B,2
SCOC,2
METTL2A,2
SBSPON,2
RYBP,2
PMCH,2
HIST1H2BD,2
RNPEPL1,2
RNF7,2
RNF149,2
PNO1,2
RHEBL1,2
RBM11,2
RASGRP1,2
PPIAL4G,2
RANGRF,2
PVALB,2
PURG,2
PEX11A,2
PEF1,2
SLC15A2,2
PDCD7,2
OR2K2,2
THOP1,2
TBPL2,2
OR52L1,2
NAPRT1,2
SV2C,2
SUMF2,2
STYXL1,2
STATH,2
SNX22,2
OSGIN2,2
SNF8,2
SMR3B,2
SMARCD1,2
OSR1,2
PARD6A,2
SLIRP,2
SLC41A3,2
PARP16,2
SLC38A8,2
SLC30A3,2
SLC29A2,2
SLC15A4,2
LIAS,2
DDIT4,2
DHDH,2
GBA,2
FGD1,2
GATC,2
C9orf92,2
GCFC2,2
B3GAT3,2
OR2T5,2
SURF6,2
SMCP,2
CSH2,2
HERPUD2,2
GHSR,2
GIMAP4,2
JUNB,2
CFLAR,2
ADRB2,2
ZNF746,2
ZNF497,2
GJB1,2
GLDN,2
NUCB2,2
HEMGN,2
GMNC,2
FAM41C,2
AP3M2,2
ST3GAL5,2
GABPB1,2
MRPL42,2
OR4A16,2
ADH1A,2
DTNA,2
RHCE,2
FAM75A2,2
EBP,2
RABAC1,2
PNMT,2
ERI1,2
ETFDH,2
FAM180B,2
OAF,2
IGFL3,2
FANCL,2
FBXL8,2
CRYBA2,2
C22orf13,2
TMEM161A,2
TCAP,2
CASC2,2
ARHGAP27,2
YIPF3,2
THAP7-AS1,2
PRSS50,2
GMPR2,2
EFNB2,2
GPBP1,2
FUT10,2
IQCJ-SCHIP1,2
IZUMO4,2
DYM,2
VASN,2
SLC35F5,2
JRKL,2
KANSL2,2
KCNK1,2
PRSS51,2
MGST3,2
LINC00238,2
KIN,2
IGLV1-50,2
KLHDC9,2
HLA-F-AS1,2
GSN-AS1,2
FGFBP2,2
C1orf174,2
ADAM3A,2
SECTM1,2
KLRB1,2
PTPN20C,2
PRKAB1,2
IL9R,2
LYG2,2
C5orf15,2
MCU,2
ZDHHC16,2
ZC4H2,2
GRP,2
TM2D3,2
TLR9,2
SOX15,2
SLC30A6,2
RNF113B,2
GTF3C6,2
GUK1,2
RAD9A,2
RAB11A,2
HAT1,2
PPIP5K1,2
HIST1H1D,2
NOL9,2
MMP20,2
SERPIND1,2
HIST1H2BO,2
HS1BP3,2
HSF2BP,2
HTR3C,2
IGHV3-43,2
SP140L,2
TCP1,2
TMEM64,2
RPS4XP21,2
MUC13,2
OR5M9,2
BCL2L12,2
CYP11A1,2
TMEM182,2
C9orf156,2
GJA9,2
ANTXR1,2
TMPRSS4,2
NBPF11,2
VPS37A,2
APRG1,2
RIMOC1,2
CCDC106,2
SLC28A1,2
IAPP,2
SFTPD,2
RETNLB,2
IFNA4,2
PDK1,2
NREP,2
IL20RA,2
GTDC1,2
DRG1,2
MFSD1,2
IER5L,2
CLDN4,2
CALR,2
CRYL1,2
CDT1,2
KRTAP10-2,2
KRT38,2
ENSG00000266830,2
ENSG00000173366,2
C7orf71,2
MLANA,2
RAB23,2
PRSS57,2
SOD2,2
GNAO1,2
DTWD1,2
CYP4Z1,2
ADRA1D,2
PSMB6,2
KLHDC7B,2
AMOTL2,2
SLC7A5,2
HOMER1,2
FAM126A,2
SSX4,2
SLAMF6,2
WDR83OS,2
C20orf173,2
PANX1,2
C8orf34,2
EIF2A,2
ROGDI,2
RPL4,2
MMP17,2
MIR548AN,2
GNPNAT1,2
SCAND2,2
PRSS54,2
KRT17,2
BPNT1,2
ZNF2,2
ZNF323,2
HIBADH,2
ACOT9,2
ADAM22,2
ANGEL1,2
ASB18,2
RASGEF1A,2
PARS2,2
BCAS4,2
KDELC2,2
C16orf92,2
FCRLB,2
C21orf7,2
C1orf35,2
HOXB5,2
DPPA4,2
FAM24A,2
FAM227A,2
FOS,2
RBM46,2
DNAI2,2
REPS1,2
INPP5A,2
PTAFR,2
CYB561D2,2
NFIC,2
WDR34,2
PAPD5,2
ADIPOQ,2
TMEM178A,2
ACOT8,2
TMEFF2,2
FAM87B,2
KBTBD5,2
KAZALD1,2
ZNF154,2
TUBG2,2
ARHGEF37,2
GTF3C5,2
GAPT,2
IGHA2,2
MIR4313,2
PMAIP1,2
TNFAIP8,2
PSMD8,2
CDKL2,2
CACNG8,2
EMD,2
GPR15LG,2
RAB35,2
PDCL,2
NBR2,2
UBA52,2
B3GNT8,2
WDFY3-AS2,2
HS3ST1,2
MRPL49,2
REG3A,2
TTC34,2
MRPL23,2
EGFL8,2
C1orf54,2
C20orf85,2
EFNA5,2
ANO7L1,2
DIO1,2
CREBL2,2
LIPC,2
KCTD18,2
SYPL2,2
FAM187B,2
UQCRFS1,2
FAM19A4,2
GEN1,2
PRDM7,2
OR2A42,2
PPM1N,2
KRT77,2
PRPF31,2
IST1,2
RHNO1,2
RCOR1,2
PXMP4,2
DEFB112,2
GLIS1,2
KRTAP10-11,2
MEF2B,2
SLC30A8,2
HIST1H2AB,2
C14orf118,2
ABHD4,2
HIST1H2BJ,2
SPATS1,2
CARD17,2
VN1R2,2
FAM53B,2
IGKV1-5,2
HOXA-AS2,2
NUTF2,2
DUSP22,2
MBLAC1,2
LIF,2
CLPP,2
TRIM65,2
LTA,2
PACSIN1,2
MATN1,2
ARRDC2,2
CADM4,2
CEP76,2
CLDN5,2
APOBEC3C,2
IDO2,2
BRMS1,2
LPCAT3,2
TFAP2D,2
WWTR1,2
MEIOB,2
TNP1,2
TMEM44,2
TBC1D10A,2
SUGT1,2
DDRGK1,2
CENPB,2
PTPN18,2
OR10H5,2
ZNF433,2
SUV420H2,2
TAGLN2,2
VRK1,2
KIAA0494,2
MIR16-1,2
TEX33,2
ERF,2
AURKAIP1,2
ARFGAP3,2
INCA1,2
DDI2,2
S100A1,2
KIAA0040,2
PAGE5,2
C14orf182,2
DEFB118,2
RABEPK,2
BPIFB6,2
CCDC162P,2
C17orf76-AS1,2
KCNQ1,2
FAM105B,2
C2orf49,2
EIF4B,2
C3orf58,2
HAVCR2,2
LACTB,2
KRTAP9-4,2
HAUS4,2
KIAA0247,2
IGKV6D-41,2
IGHV4-28,2
IGHV3-38,2
KCNMB1,2
ID3,2
KRT33B,2
KRT40,2
GTF2E1,2
PHB,2
ODF1,2
GSTM5,2
GRPEL1,2
GPR85,2
GPR45,2
GORASP2,2
GJB7,2
GABRR1,2
FUT1,2
FPR3,2
FEM1C,2
CITED1,2
LCE3D,2
LCLAT1,2
LHX8,2
CIRBP-AS1,2
FKBP7,2
OR8H3,2
OR6C75,2
IER5,2
OR5AN1,2
OR2H2,2
OR1L3,2
NXF2,2
NHEJ1,2
OVCH2,2
IGSF11,2
NEUROD4,2
N6AMT1,2
TMEM220,2
TRGJP,2
MYOZ2,2
MYCL1,2
MSANTD1,2
MS4A6E,2
MMP1,2
METTL21B,2
LILRB2,2
SETDB2,2
FAM86C1,2
FAM122A,2
AQP7,2
ALS2CR12,2
AKAP5,2
ING4,2
AHSG,2
AGAP11,2
FAM90A26P,2
MRPS35,2
FABP1,2
C13orf33,2
GOSR1,2
MRS2,2
JMJD6,2
TXNRD3NB,2
MIR204,2
LTA4H,2
TUBG1,2
USP41,2
PEA15,2
SF3A2,2
TEX35,2
CHST8,2
VAX1,2
TNFRSF25,2
AMACR,2
ARNT2,2
ERMN,2
BET1L,2
SPSB2,2
SYPL1,2
DUSP11,2
DEFB108B,2
TTLL8,2
DAZAP2,2
CXorf21,2
CWC15,2
CTSC,2
AGPAT3,2
CDSN,2
CDC42EP3,2
C9orf24,2
C14orf180,2
C18orf1,2
FAM75A1,2
C16orf70,2
C16orf46,2
PGM5P2,2
SPANXN4,2
CSNK1A1P1,2
FNBP1,2
BPIFB2,2
PAFAH1B2,2
PIGV,2
C1orf74,2
KCNK15,2
UBQLN2,2
FAM35A,2
GDF5OS,2
DNM1P34,2
ACAP2,2
TPRKB,2
TAF13,2
SLC35B3,2
TSLP,2
HNMT,2
IDH3A,2
MAPK1IP1L,2
CEP72,2
MED21,2
MICB,2
NUDT5,2
MARS2,2
FEM1B,2
HDAC10,2
MYLK4,2
NAAA,2
METTL4,2
CELF6,2
NHP2L1,2
DLK1,2
PPP2R5E,2
METTL21A,2
SCNN1B,2
RAC2,2
CIR1,2
CAB39,2
CDADC1,2
CAMK1,2
LGALS9B,2
NME8,2
ZBTB12,2
WDR83,2
CKMT1B,2
COX14,2
CPE,2
BPI,2
IGLC3,2
CPNE1,2
CRYBB3,2
CNOT8,2
XKR9,2
B3GALT2,2
VGLL3,2
GPR26,2
SERTAD4,2
SENP3,2
RDH12,2
FAIM2,2
NOM1,2
TSSK4,2
TMEM200A,2
UTP11L,2
ZAR1,2
TAS2R46,2
TAAR8,2
SULT1C2,2
SNORA11,2
SLFNL1,2
GABRD,2
SLC36A3,2
HNF1B,2
IGHV3-66,2
PLEKHG5,2
FIGLA,2
OR4A47,2
NCF1,2
SH2D4A,2
RSPH9,2
ESD,2
QPCT,2
PTTG1,2
ANKRD30BP2,2
PLEKHA3,2
TMEM217,2
TMEM55B,2
CST3,2
TRIM27,2
TMEM99,2
PDE8A,2
MRPL46,2
IGKV3-15,2
PSME1,2
ARRB2,2
RCN2,2
SERPINB8,2
S100A2,2
ZDHHC21,2
ZSWIM1,2
ZSCAN4,2
SDR42E1,2
ZNF691,2
ZNF410,2
SLC39A3,2
WBP2NL,2
VSX1,2
STK36,2
VGLL1,2
USP30,2
USP2,2
UHRF2,2
CPNE2,2
TNFRSF10A,2
SAV1,2
GNB5,2
LSM1,2
C4orf34,2
CCZ1,2
AP3S1,2
ZNF253,2
GPR4,2
TRIP13,2
RNF138,2
SWSAP1,2
CDK5,2
GNB1,2
GMFG,2
SBDS,2
S100A6,2
GTF2IRD1P1,2
ZNF30,2
YWHAG,2
C20orf24,2
MFAP5,2
TUBA4A,2
OR10AD1,2
HAPLN4,2
PAK2,2
TAS2R9,2
PRAMEF12,2
TSPAN2,2
SLC23A1,2
CSN1S1,2
PPP1R7,2
TRH,2
TRBV4-1,2
ZNF193,2
FSTL1,2
EXTL1,2
CYP27A1,2
SELPLG,2
GJA3,2
EAF2,2
BEND4,2
TMEM218,2
TIMM21,2
CXorf69,2
PNMA1,2
MIR548N,2
LY86,2
NOC4L,2
PSMA1,2
RDBP,2
SYNDIG1L,2
FAM76B,2
PI3,2
MPC2,2
C10orf85,2
FERMT3,2
LIPH,2
ARL6,2
SHANK2-AS3,2
FGF11,2
TEX36,2
ATF7IP2,2
CCDC28B,2
ZNF768,2
CCT5,2
FIBCD1,2
GTPBP1,2
POLR3B,2
TPX2,2
TMEM86A,2
DUSP9,2
GPR148,2
SFT2D1,2
IGFBP5,2
HS3ST3A1,2
HIST1H2BF,2
GPX5,2
GPRC5D,2
SLC22A5,2
EFNB1,2
KCNG1,2
EMX2,2
FAR2,2
ST6GALNAC5,2
TACR3,2
FKBP6,2
SDAD1P1,2
ITFG1,2
KIAA1598,2
RNASE6,2
KRT20,2
RNA5SP22,2
LCE5A,2
LCOR,2
LENEP,2
ANKRD13C,2
MAGOH,2
MEMO1,2
LENG8,2
LETMD1,2
MSANTD3,2
MYL12B,2
PTPN6,2
ENSG00000256349,2
TBX21,2
ELAC1,2
MIR622,2
FAM167A,2
PEX26,2
TMEM55A,2
ABHD15,2
RAD51AP1,2
TM4SF19-AS1,2
ACTL8,2
ADAL,2
PPP5D1,2
ANP32B,2
ASB11,2
OR5V1,2
BDNF,2
C1orf56,2
CASD1,2
EFCAB11,2
CCT6A,2
MAPK8IP2,2
CD28,2
LRRC46,2
CGB2,2
CLDN16,2
CLEC7A,2
LRFN1,2
DHFRL1,2
DHX33,2
HOXC8,2
DNAJA1,2
DPY19L2P4,2
IQCF2,2
FAM101B,2
HOXD3,2
PRG2,2
OR10X1,2
ATPBD4,2
SLC1A1,2
CALML3,2
RORB,2
RARRES1,2
SERF2,2
NSG1,2
CITED2,2
C9orf69,2
CDH5,2
DAPK3,2
FOXR2,2
FAM27L,2
DOK4,2
SSR3,2
TAAR6,2
TAS2R40,2
CCDC137,2
TREM2,2
YBEY,2
ZNF19,2
ZYX,2
SAP18,2
ANKRD20A5P,2
C2orf15,2
FOXK2,2
ADAD2,2
KPTN,2
MATN1-AS1,2
CFHR1,2
OR6C68,2
DDOST,2
FERRY3,2
IGHG2,2
BEST2,2
FAM57B,2
PPIF,2
FAM75A7,2
TRIM72,2
KU-MEL-3,2
LDLRAD2,2
LINC00313,2
ABCB9,2
APPL1,2
MSANTD2,2
METTL12,2
ARMCX6,2
ATAD3A,2
BUD13,2
BNIP3,2
ADCK5,2
PRICKLE4,2
C17orf72,2
HOXD13,2
MAPKAPK2,2
SKP2,2
SYF2,2
WRAP73,2
ACRV1,2
C11orf16,2
C19orf18,2
FAM3A,2
KLHDC8B,2
PLEKHM2,2
PMP22,2
ELP4,2
PPM1A,2
CHMP3,2
USP3,2
CHEK1,2
UBE2V2,2
STAC3,2
SLU7,2
SLC25A38,2
RIOK1,2
RAVER2,2
PSAP,2
ANGPTL7,2
LUM,2
CYB5D1,2
IDH3B,2
HOXB9,2
HEMK1,2
C19orf76,2
VKORC1,2
C21orf59,2
C5orf65,2
DEFB121,2
FAM60A,2
DUSP2,2
DVL3,2
EIF6,2
NQO2,2
OR2B11,2
CALB2,2
SRSF1,2
THAP7,2
SUB1,2
RAB1A,2
THAP2,2
CUEDC1,2
CTSW,2
DLG4,2
DEGS2,2
USP10,2
COMMD5,2
CBLN4,2
HIST1H4J,2
FOXG1,2
CCDC23,2
NDUFAF5,2
OR11H6,2
C3orf55,2
COQ10B,2
RAP2B,2
CSH1,2
CLCN5,2
DMPK,2
OTUB1,2
CKAP4,2
CRTC3,2
MSRA,2
KDELR2,2
LRRC18,2
MEA1,2
NIF3L1,2
C5orf56,2
NR2F1,2
ZSWIM7,2
PCMT1,2
PLCD3,2
RANBP3L,2
SLC27A2,2
XRCC2,2
CD58,2
NAT1,2
NDST2,2
ASF1B,2
LYPD5,2
BARHL2,2
AREG,2
SPIN1,2
FAM107A,2
RCOR3,2
PAPD7,2
LGALSL,2
WSCD1,2
SDF4,2
SCNN1D,2
FMR1NB,2
CYP2W1,2
TTK,2
OTOP1,2
KLF17,2
EBAG9,2
MRAP2,2
KCNG2,2
CD1A,2
SLC35F4,2
SSTR2,2
DRAXIN,2
GINS3,2
MANEA,2
MED20,2
TMEM59,2
TMA16,2
CHCHD6,2
SERBP1,2
TRUB1,2
PDK3,2
ZNF684,2
RFPL3,2
TMEM37,2
COQ9,2
SLC16A4,2
FOXF2,2
MBD3L1,2
MAPK13,2
FAM96A,2
FAM108C1,2
ASB6,2
DUS2L,2
SRRD,2
KDM4D,2
FOXD4L5,2
C1orf51,2
LINC00303,2
CCDC101,2
OR51B6,2
PNPO,2
SELT,2
TAS2R14,2
NPTX2,2
TMEM26,2
C20orf118,2
NFXL1,2
TPPP,2
TSPAN8,2
UBD,2
NAE1,2
HR,2
LRRC47,2
PELO,2
ACY1,2
ALG2,2
PLA2G2E,2
RIMKLB,2
DEFB129,2
C1orf216,2
CEACAM8,2
CFHR2,2
SMARCE1,2
CCR4,2
CIB2,2
CALM2,2
SMARCB1,2
SH2B2,2
C15orf53,2
C15orf40,2
C10orf137,2
BCAP29,2
FAM228A,2
AURKC,2
CLEC4D,2
CNIH4,2
SMPD3,2
CXorf48,2
FAM200A,2
SPNS2,2
FDCSP,2
GBP2,2
GFOD2,2
GIT2,2
GNPTG,2
GTPBP6,2
HLA-DQA2,2
CBLN2,2
CALCOCO2,2
TTC9C,2
KIAA0355,2
ATP6V1D,2
GGA2,2
ADIPOR2,2
C3orf78,2
DNAJB9,2
ASPN,2
AHSA1,2
RAET1G,2
TDO2,2
CACUL1,2
CCNG2,2
FAM176C,2
UTP14C,2
HYLS1,2
SLC31A1,2
PCP2,2
RENBP,2
C10orf108,2
HCG9,2
ZNF207,2
LSM6,2
CYC1,2
PNRC1,2
TAF15,2
TRBV24-1,2
C13orf35,2
SLC2A6,2
NR0B2,2
RAB5C,2
TMEM27,2
SLC30A7,2
COX7A2,2
U2AF1,2
COX17,2
MMP28,2
RGS11,2
NOV,2
TMEM100,2
VAMP3,2
TSPAN17,2
UGT2B11,2
TNFSF8,2
TMSB15A,2
P2RY8,2
THBD,2
MLF2,2
WDR45L,2
TAS2R19,2
SYT13,2
STK32B,2
ST3GAL6,2
SRPX,2
VARS2,2
ZBTB8A,2
OR51E1,2
SPN,2
ZNF446,2
ZNF833P,2
OR1J2,2
CCNY,2
TCN2,2
C1orf86,2
ECI1,2
NXPE2,2
IQCK,2
UHMK1,2
C16orf48,2
NR1I3,2
BET3L,2
SPIN2B,2
PATE4,2
CTRC,2
MTL5,2
PPP1R3B,2
PLRG1,2
PLAUR,2
PEX3,2
PDLIM1,2
PLBD1,2
MATK,2
MIR525,2
POLR2D,2
PAX9,2
OR6C1,2
PON2,2
NPIPP1,2
ORMDL3,2
PELI1,2
PRSS21,2
PSAPL1,2
PTPN11,2
HLA-DMA,2
QKI,2
RAP1GAP,2
REEP5,2
RHOXF2B,2
RPS10P7,2
C18orf42,2
SCN1B,2
SEC14L2,2
SH2B3,2
SLC35C1,2
ZNF345,2
SMAP2,2
RCHY1,2
LYRM5,2
NRAS,2
SIRT1,2
CTTN,2
IRF2BPL,2
PDIA2,2
GLYATL1,2
SPANXN5,2
SMARCD3,2
RBM34,2
MT1M,2
GSTM3,2
OVOL2,2
OVOL1,2
NAT8,2
MNAT1,2
IDH3G,2
INO80B,2
POLD2,2
PPME1,2
SFRP2,2
HOXB4,2
FAM218A,2
LY96,2
MESDC2,2
MKRN1,2
MRPS14,2
RASA1,2
SCG5,2
SURF2,2
PTDSS2,2
CTSO,2
TTC16,2
GIF,2
C16orf58,2
ACAT2,2
KLHL32,2
KLHL26,2
RPRD1A,2
STK35,2
PSMD2,2
NRSN2,2
CD40,2
NT5C1A,2
NDFIP1,2
PHC1,2
PPP1R36,2
PDSS1,2
NUDT14,2
INSL5,2
FAM26F,2
NTSR1,2
HPDL,2
HIST2H2BF,2
OAZ3,2
KLF8,2
ZNF550,2
NAGPA,2
MORC2,2
THOC3,2
PDP2,2
MIR634,2
MGARP,2
TMEM51,2
CYP1A1,2
MB,2
LASP1,2
GABPA,2
KIAA0284,2
ARSD,2
KRTAP9-8,2
CXCR1,2
OR51F1,2
OR4D9,2
METTL3,2
LMAN2L,2
ZNF837,2
FITM2,2
ARL13B,2
IFNA7,2
ELP6,2
AGXT,2
TMEM216,2
GABPB2,2
GBGT1,2
C20orf20,2
FBXO27,2
TMEM184A,2
SULT1B1,2
TBCB,2
FAM9C,2
BARHL1,2
SPATA8,2
SLC22A24,2
AKIRIN1,2
FAM189B,2
LINC03042,2
EXOC8,2
HCP5,2
PTRH1,2
EVI2B,2
RBM17,2
SLC9B2,2
MGLL,2
IFITM2,2
IL23A,2
TADA2B,2
ZFPM1,2
SYN3,2
SPANXD,2
ASMT,2
ATAT1,2
DLL4,2
IFNA8,2
GCNT3,2
HUS1,2
CBX3,2
SLC26A10,2
SLC39A4,2
ZNF622,2
SPPL2A,2
TCAM1P,2
HIF1AN,2
HCK,2
GLT1D1,2
GSX1,2
GPR87,2
OR10A2,2
GPR37L1,2
GPR3,2
RAPGEF3,2
S1PR5,2
RPS16,2
NLN,2
CCR6,2
GMPR,2
FOSL2,2
GCSHP3,2
VPS28,2
ESRRB,2
MLLT3,2
KRTAP10-6,2
TMEM106A-AS1,2
OR52E8,2
IGHV3-9,2
ZNF705B,2
PSPH,2
LINC00304,2
TNFRSF13B,2
ADM2,2
FLJ44006,2
TRAV9-1,2
CX3CL1,2
SOCS7,2
SNX16,2
RFPL1,2
ASCL3,2
LUC7L,2
MTRF1L,2
NMRK2,2
NPSR1-AS1,2
PLEKHA1,2
LRRC72,2
CCL26,2
HTR3B,2
CCL20,2
GPR31,2
COMT,2
MRPL50,2
MYH16,2
CASP4,2
GDPD5,2
CFI,2
GOT1L1,2
FOXK1,2
TSEN15,2
DCK,2
EMID1,2
EMG1,2
C15orf29,2
LIPK,2
HSD11B2,2
MRPL3,2
DUSP1,2
CSF3,2
PA2G4,2
SLC38A11,2
FDX1L,2
FBXL6,2
FBRSL1,2
FAM72B,2
DUOXA2,2
ARCN1,2
FIZ1,2
CXXC4,2
JMJD4,2
CTDP1,2
MIB2,2
RPS14,2
CCDC94,2
SH3BP5L,2
C9orf117,2
C19orf25,2
C19orf66,2
CNN2,2
CST1,2
FLRT1,2
MIR30E,2
TWF2,2
CARTPT,2
PTGR1,2
PRIM1,2
GTF2A1,2
ZNF367,2
ZNF225,2
MMGT1,2
PSENEN,2
PRDM6,2
RNF144B,2
PTGR2,2
ZBED3-AS1,2
GDE1,2
STXBP6,2
CSN3,2
WDR53,2
AMPD2,2
PPM1G,2
ZNF688,2
POMZP3,2
AJUBA,2
BEND7,2
TMEM120A,2
PLA2G2A,2
STARD5,2
UBL4A,2
ZNF358,2
HIST1H1T,2
NOTO,2
ZNF383,2
HIST1H3I,2
FAM99B,2
HYAL4,2
C8orf58,2
RNPEP,2
ZNF627,2
TMEM177,2
TMEM50A,2
PHF23,2
SLC25A23,2
TMEM205,2
TMEM180,2
METTL7A,2
TCEB3CL2,2
VPS25,2
TBCE,2
CLHC1,2
SYT15,2
SURF1,2
SULT1C4,2
STYX,2
TMEM68,2
TMEM95,2
TMIGD1,2
PIGM,2
TRBV25-1,2
RWDD2A,2
TSPAN19,2
PLEKHG4,2
SF3A3,2
SDC4,2
NCCRP1,2
TXN,2
SCN2B,2
RSAD2,2
RPS8,2
RPA2,2
ATP6V1C2,2
LSM5,2
MRFAP1,2
MSL1,2
PSTPIP1,2
IFT74,2
DCAF7,2
LRP10,2
SRF,2
C11orf70,2
OR51I1,2
POU6F1,2
HIC2,2
NSUN7,2
KCNS1,2
HN1,2
HIST1H4L,2
C3orf36,2
C4A,2
TARDBP,2
NOVA1,2
FSCN1,2
CHRNA3,2
KRTAP10-12,2
KRT12,2
ASB15,2
CLDN22,2
POTED,2
JAM2,2
PSMG2,2
PPP1CA,2
GAS8,2
LRTOMT,2
MARK3,2
OR13F1,2
PPP2R2B,2
CEACAM3,2
CES3,2
GLRB,2
TMEM41B,2
DSCR6,2
PAGE2,2
PABPC5,2
PLA2G2C,2
PVRIG,2
CYP4V2,2
C17orf75,2
B3GALT5,2
TSPAN31,2
NEU4,2
ACYP1,2
PLAC1,2
OR9A2,2
BAG2,2
ZNF391,2
FAM196B,2
ZNF257,2
UBE2A,2
CRIP1,2
POLR2G,2
NPSR1,2
NKX3-1,2
HAUS3,2
NIPSNAP1,2
EXOSC10,2
NDUFB6,2
BEND3,2
NCBP2,2
MTSS1L,2
FAM192A,2
HNRNPA1,2
CEP57L1,2
ANKRD54,2
TMPRSS11B,2
ENSA,2
PRCP,2
CCDC24,2
SNX1,2
FTMT,2
C19orf38,2
TMEM233,2
DIRAS3,2
SLC25A5,2
TIGD6,2
ANP32A,2
IRF2BP2,2
CA2,2
HRCT1,2
MXD4,2
RAB3C,2
CDCA8,2
CYP46A1,2
IL34,2
UST,2
TBC1D26,2
ZPBP,2
IGKV6-21,2
OR52N5,2
HRH4,2
MED19,2
CRB2,2
HNF4G,2
HMGB4,2
HELT,2
NUDT10,2
SLC2A14,2
C21orf91,2
KRTAP4-5,2
MT-CO1,2
HIST1H3C,2
HTRA3,2
CD226,2
IGLC7,2
GDF6,2
CAMKV,2
CARKD,2
MAP1S,2
SEC14L3,2
ZNF346,2
MYEOV2,2
TRBV11-1,2
SAA3P,2
RAB11FIP3,2
KIFC2,2
POU5F1B,2
ULK4P1,2
ARRDC5,2
CPA5,2
STK40,2
GPR6,2
CANT1,2
MPV17L2,2
OTP,2
RGPD1,2
MYL6B,2
MDH1,2
PRSS38,2
MAPK15,2
TRAPPC2,2
CRYBB1,2
PPAPDC1A,2
RAN,2
UNC5A,2
SPHK1,2
ZNF385D,2
RNASEH2B,2
SKOR2,2
IL2RG,2
METTL18,2
ZNF699,2
SH2D5,2
SLC2A5,2
ZFAND2B,2
TTC31,2
SSX5,2
SNRNP48,2
FLJ43681,2
ENSG00000257921,2
ZNF707,2
FBXL21,2
KRT16P1,2
DNAJB14,2
OR6J1,2
ABHD16B,2
DHRSX,2
ACTL6A,2
NTN3,2
AGPAT9,2
CYB5D2,2
SPIN2A,2
OPRK1,2
OOEP,2
MYL9,2
C2orf40,2
CNOT4,2
F2RL2,2
MIR1185-1,2
ENO3,2
FTO,2
GNPDA2,2
H2BFWT,2
HSPA13,2
KHDRBS2,2
OR52A1,2
RAG2,2
RASL12,2
SULT6B1,2
TAGLN3,2
TTC9,2
FAM167B,2
ENDOU,2
SPINK2,2
TRIM8,2
TBC1D19,2
TH,2
FOXP3,2
MCTS1,2
ZNF343,2
FCRL6,2
YES1,2
ZNF667,2
UCKL1,2
PSMD14,2
TNFRSF14,2
KIAA1644,2
KLHDC7A,2
SELRC1,2
FAM177B,2
THRB,2
SUCLA2,2
CD59,2
LOC100132247,2
SLC1A2,2
SLC25A27,2
SIAH3,2
MIR524,2
HOXB1,2
HSD3B1,2
SEMA4C,2
UBIAD1,2
ARL8B,2
UGT1A9,2
OPN1MW,2
UCK1,2
DFFB,2
AGTRAP,2
AK8,2
ACVR2B,2
HRAS,2
COX4I2,2
ARSA,2
BRSK1,2
C12orf69,2
BTF3L4,2
SERPINF2,2
CD7,2
MLNR,2
CYP51A1,2
PRKCSH,2
ACBD4,2
YAE1D1,2
C1QTNF4,2
LETM2,2
MALSU1,2
ANP32D,2
UAP1L1,2
GALR2,2
PEPD,2
TEN1,2
IKZF2,2
SHPK,2
RXFP4,2
RHBDF1,2
OLFM3,2
ACAA1,2
OR2M7,2
CAPN7,2
MT-ND6,2
MT-ND4,2
MT-CO2,2
CAPN9,2
CAPZA1,2
FBXO6,2
YIPF7,2
ARSI,2
OR52E6,2
EPPIN,2
GOLM1,2
TTLL10-AS1,2
C15orf27,2
PMS2P4,2
TPTE2P6,2
TAF1C,2
RNMTL1,2
ATP6V1E2,2
ATP5O,2
CA4,2
ARV1,2
TNFSF10,2
LMBR1,2
STK25,2
MRVI1-AS1,2
XRCC6BP1,2
C12orf68,2
PGA3,2
MTCP1NB,2
ZNF724P,2
DGAT2,2
CXorf38,2
TFEB,2
P2RY2,2
RCSD1,2
RNASE3,2
C18orf54,2
TMEM176B,2
CD3EAP,2
TMEM71,2
RDH13,2
MIR1266,2
PSMF1,2
OR2V2,2
C19orf21,2
DPYSL4,2
RTN4R,2
CYP2A6,2
ATE1,2
GPR182,2
STAG3L3,2
C20orf195,2
GGA3,2
OR10P1,2
LOC100996465,2
FHL2,2
RAB20,2
TRMT11,2
ZNF354B,2
SPNS3,2
C4orf36,2
ZNF277,2
AMELX,2
SERPINH1,2
OR1B1,2
ZNF311,2
ID2,2
ZNF416,2
ZNF765,2
DUSP15,2
SDR9C7,2
GSX2,2
IFITM10,2
INO80E,2
AMMECR1L,2
SGCB,2
RCAN1,2
SRSF8,2
KRTAP4-3,2
C12orf74,2
YTHDC2,2
GAS7,2
YPEL5,2
SNORA72,2
GATA4,2
TMED1,2
LRRC40,2
TWIST1,2
MYOT,2
KTI12,2
TSPAN5,2
KRTAP13-4,2
BMS1P5,2
MS4A15,2
MIR508,2
LINC00665,2
FIBP,2
TMEM163,2
LYVE1,2
C3orf49,2
PPDPF,2
DAPL1,2
DMRTB1,2
APOBEC3A,2
MT1JP,2
OXNAD1,2
LGMN,2
KLF4,2
PGC,2
GGTLC2,2
EXOSC5,2
TOMM22,2
APOA2,2
PRDX2,2
C16orf95,2
SLA2,2
PSKH2,2
LILRA3,2
MLX,2
GPR137,2
OR8D4,2
PPP3R2,2
TMX4,2
CDK5RAP3,2
BPGM,2
DNAJC4,2
CLRN1-AS1,2
FAM120A2P,2
ARL17B,2
SNORD3B-1,2
C22orf43,2
DHRS11,2
PSCA,2
SEPT6,2
HFE2,2
GPR137C,2
C3orf74,2
MYEOV,2
S100P,2
NXT2,2
MMP12,2
IGHG1,2
ANKRD26P1,2
ANXA10,2
GOLGA6A,2
DPY19L1,2
VAMP1,2
TIGD4,2
ZDHHC6,2
OXSR1,2
WHAMMP3,2
RNF44,2
C12orf65,2
C22orf23,2
ZNF542,2
C3orf71,2
B9D1,2
C1orf50,2
MRPL21,2
IDUA,2
GLRA2,2
ABHD10,2
WAPAL,2
RGAG4,2
TAMM41,2
TDH,2
OR2B6,2
USP17L2,2
WDR92,2
TP53I13,2
RBM43,2
MMD2,2
TSGA10IP,2
MIR4252,2
FBXO4,2
TRGC1,2
IGLV7-43,2
KDELR3,2
AFM,2
KPNA1,2
LRRC25,2
B3GNT3,2
CNNM1,2
SERPINB1,2
SCAMP2,2
PAGE4,2
KRTAP16-1,2
TMEM190,2
PARD6B,2
VAT1L,2
DNAJB1,2
ST3GAL4,2
MTDH,2
APOBEC3B,2
TXNDC8,2
CSPG5,2
ANKRD7,2
ATP5G2,2
C10orf91,2
METTL10,2
ATPIF1,2
TICAM1,2
AHR,2
ANKMY2,2
HTRA4,2
FAM90A1,2
ALKBH2,2
IFNAR2,2
TNFRSF10D,2
FAM150B,2
RMND5B,2
VANGL1,2
SLC35A5,2
POU2AF2,2
ASTL,2
RBKS,2
PAPOLG,2
RAB40AL,2
ABHD1,2
PAEP,2
C7orf33,2
FCGR3B,2
TREML4,2
IL2RA,2
GNG5P2,2
HOXC13,2
HFE,2
NCR3LG1,2
NDUFB2,2
QDPR,2
C5orf27,2
PIGL,2
POLDIP3,2
PPA2,2
RHOXF1,2
ZNF319,2
C9orf141,2
NUP35,2
LRRC17,2
FHIT,2
RPL36A,2
VAPA,2
PTER,2
PRODH,2
C15orf59,2
ANKRD65,2
CREB3L4,2
C16orf88,2
PPP2R1B,2
C2orf43,2
HOXC9,2
SNN,2
KLHDC5,2
S100A7L2,2
RNF126,2
CHIC1,2
CYTH2,2
SLC26A6,2
PYROXD1,2
BLOC1S6,2
RGS5,2
TRIML2,2
MYL7,2
PGBD4,2
CRBN,2
PGAM1,2
PANK1,2
PHPT1,2
ORC4,2
SKAP2,2
TMEM232,2
ZNF653,2
CASP7,2
OR1D2,2
LINC00326,2
LRP11,2
RNU6-42,2
TMPPE,2
SPRY2,2
CASP5,2
C19orf54,2
SULT1A1,2
PAOX,2
CCDC149,2
FOLR1,2
G6PC,2
GPR25,2
CNRIP1,2
ELMOD1,2
C11orf21,2
C18orf21,2
CALML6,2
HTATIP2,2
PSTK,2
UGT2A3,2
RRP7A,2
B3GNT1,2
KCNE4,2
MMP21,2
IL22,2
DCDC2B,2
OR2C1,2
FGF10,2
CYP1B1,2
FAM210A,2
FLJ44881,2
RPL6P27,2
GMNN,2
C3orf62,2
SKA3,2
MIOS,2
MRGPRF,2
STEAP1B,2
ALKBH7,2
MFHAS1,2
FAM171A2,2
SLC7A5P1,2
C17orf99,2
GALT,2
TPRG1,2
FAM212B,2
GSTO1,2
IL18,2
MRPL45P2,2
FAM219B,2
FAM84A,2
MRPL47,2
MRPL13,2
DPRX,2
PLD6,2
TDP2,2
OR2T29,2
MAP2K7,2
EXOC3L4,2
GOLGA8B,2
HIST1H2BN,2
IGHV1-3,2
MANSC1,2
RAB7L1,2
AIFM3,2
ZNF273,2
TPD52L2,2
FCGR1B,2
PTH1R,2
MYLIP,2
GDPGP1,2
OR10A5,2
PPAP2A,2
DIMT1,2
CHI3L2,2
PAQR6,2
TGFB1,2
ERLEC1,2
TSN,2
BMP6,2
SEC22C,2
KREMEN1,2
TMEM33,2
PDZK1IP1,2
TSPAN18,2
RSPO1,2
PRM3,2
ZBTB7A,2
TFB2M,2
AFMID,2
NUDT21,2
TCP11L1,2
RELL1,2
CCDC9,2
C12orf45,2
AIP,2
MAPK3,2
BYSL,2
OR5AC2,2
TMEM62,2
RHOC,2
TLX2,2
TMEM17,2
C11orf86,2
OXA1L,2
CD48,2
CSNK1G2,2
C10orf11,2
WDR25,2
ALG11,2
C11orf80,2
OR1N1,2
C19orf35,2
FAM138B,2
ZNF341,2
MED27,2
LDLRAP1,2
ABHD8,2
LCN2,2
ABHD11,2
RAB26,2
RTN4RL1,2
ICAM1,2
C20orf79,2
MAGEB2,2
ADAM17,2
EZR,2
B3GNT7,2
ACPT,2
UFC1,2
DNAJC19,2
MRPL52,2
NINJ1,2
C1orf192,2
PIGS,2
EN1,2
TICAM2,2
SNAP23,2
GUSBP5,2
SGPP1,2
DERA,2
FLJ46257,2
COLEC10,2
CHRNA9,2
BNIPL,2
CENPN,2
SLC35F2,2
ADAMTSL2,2
EMC3,2
APOF,2
NADK,2
ALX1,2
GABARAP,2
BARD1,2
NAA30,2
TMEM207,2
TIGD7,2
TPRG1L,2
HTR7P1,2
DNMT3L,2
BBC3,2
STAG3L1,2
TRAF1,2
ZNF488,2
STS,2
SSNA1,2
MED7,2
PITPNA,2
OR10A7,2
MPP6,2
PIM3,2
LEMD3,2
PLEKHG7,2
PRDX4,2
OR7A2P,2
PPY,2
PSMB5,2
FRA10AC1,2
PCBP4,2
LCE1E,2
RNF130,2
RGPD8,2
NNMT,2
CDCA3,2
SDC2,2
SNORD19B,2
TBC1D28,2
PRPSAP1,2
SULT4A1,2
ANKRD18CP,2
TMEM179B,2
C1QTNF7,2
HDGF,2
RTCA,2
POC1A,2
AP4S1,2
CHMP7,2
FAM20B,2
UCHL3,2
ZNF703,2
ZNF599,2
ENSG00000226150,2
MC2R,2
SIGLEC15,2
FANCF,2
TXN2,2
UBTD2,2
PPP1R14B,2
FSD1,2
FAM154B,2
ANGPTL4,2
LDOC1L,2
VAT1,2
C6orf163,2
LIMD1,2
B3GNT2,2
TWF1,2
VIPR1,2
ZNF559,2
C9orf11,2
IRX2-DT,2
FAM168B,2
WDR61,2
VTI1B,2
TXNL4A,2
COG4,2
C10orf47,2
UBE2L3,2
IL21,2
THOC6,2
ZDHHC3,2
KLK6,2
WFDC8,2
SS18L1,2
ZNF24,2
MURC,2
HMG20B,2
HCCS,2
STEAP4,2
NAGK,2
BTN2A3P,2
SNORA36B,2
FHL3,2
THRSP,2
SNX15,2
STAU2,2
SLC22A6,2
TWSG1,2
COMMD2,2
BTF3,2
SYT7,2
USF1,2
ADK,2
BMP4,2
CALHM3,2
CHRNB1,2
GMEB2,2
SYT1,2
PRKAA2,2
WDR86,2
POLG2,2
HSPB7,2
OR13C3,2
RRS1,2
RBM4B,2
C11orf20,2
TMLHE,2
SLC2A11,2
SGPP2,2
HIST1H4B,2
AK3,2
RSKR,2
YIPF4,2
IFRD2,2
GJB5,2
OLR1,2
HNRNPA3,2
PROP1,2
STC2,2
SRP19,2
TATDN3,2
PMVK,2
EIF4A1,2
DDX52,2
TRIM16,2
APOA1BP,2
NMNAT1,2
LEPREL4,2
ESCO2,2
NEURL,2
HIST1H2AA,2
DMC1,2
NFIB,2
CCDC77,2
MIPOL1,2
DCTN6,2
CCM2,2
TM2D2,2
ZXDA,2
ABCG2,2
ADAT1,2
E2F2,2
RPA3,2
LOX,2
DKK1,2
NAF1,2
FBP1,2
MNS1,2
PRRT3,2
FAM9A,2
MLXIP,2
GTDC2,2
GPN2,2
MS4A7,2
MTHFD2,2
FMOD,2
CCNI2,2
MAP4K5,2
VIPAS39,2
KCTD14,2
NUCKS1,2
LY6H,2
PARVB,2
OR51T1,2
KLRK1,2
SNCB,2
OR9K2,2
GEMIN6,2
RTP4,2
PGM3,2
LRRC6,2
LZIC,2
C5orf20,2
SDC3,2
IGSF21,2
MAPRE1,2
PROK1,2
PDHB,2
PIDD,2
GAS2L2,2
ATP6V0D2,2
NKX2-6,2
STK24,2
TIMM8B,2
TFAP2E,2
TMEM91,2
GFI1,2
NPRL3,2
NPIPL3,2
NMU,2
CCNC,1
C4orf47,1
MRM1,1
KRT6A,1
CCDC68,1
PLSCR4,1
RCAN2,1
NUDT15,1
RIMBP3B,1
S100Z,1
RAP1B,1
ATXN1L,1
WNT10B,1
GPR123,1
SOX12,1
TM6SF1,1
RBMS2,1
STMN3,1
CGRRF1,1
CPA4,1
DEFB128,1
NAT6,1
FAM96B,1
RAP1GAP2,1
PSMD9,1
DRD3,1
MPND,1
FAM70B,1
ARID5A,1
TPTE2P5,1
FAM22E,1
ZNFX1-AS1,1
RNF222,1
C11orf65,1
ZNF584,1
NRBF2,1
HSPBP1,1
RASA4,1
ARHGEF16,1
EDN2,1
VTI1A,1
RBMXL2,1
TP53I11,1
SNORD3B-2,1
GOLGA8H,1
CYB561,1
RNF181,1
TNFSF18,1
SLC7A10,1
SNCA,1
MIR1231,1
CST2,1
SNORD3A,1
RNF186,1
GEMIN7,1
LAMP1,1
MS4A3,1
TRDC,1
SSU72,1
NECAP1,1
C12orf23,1
MT1E,1
DNASE2B,1
SCP2,1
RWDD3,1
TMEM194B,1
WDR85,1
CCDC86,1
RAB2A,1
DEFB4B,1
RNF150,1
TMEM211,1
NDUFS8,1
TPPP3,1
HAS3,1
WNT11,1
TMEM230,1
MGC32805,1
DVL2,1
UTP6,1
RGS21,1
LRRC61,1
ENSG00000234722,1
DLX1,1
DPM2,1
MIR141,1
DRAP1,1
AOX2P,1
MAP3K14-AS1,1
EHMT2-AS1,1
ENSG00000238039,1
ENSG00000258686,1
LPAR2,1
ENSG00000249624,1
AACSP1,1
ENSG00000251287,1
ENSG00000258260,1
SLC39A9,1
LOC100506469,1
FAM188B2,1
CPLX3,1
CLN6,1
CFL1,1
ZDHHC7,1
MYL10,1
MT-ND3,1
CALB1,1
WNT3,1
CCDC28A,1
CHMP4C,1
C4orf19,1
HILPDA,1
STRADB,1
MT-CO3,1
CD27-AS1,1
MRPS15,1
MORC2-AS1,1
MIR887,1
LOC100505978,1
ENSG00000266978,1
C17orf108,1
KRTAP3-1,1
HIST1H2BL,1
KCNE2,1
IGHJ2,1
LCN9,1
LAPTM5,1
NDUFA13,1
TRBV20-1,1
INS-IGF2,1
UPK3A,1
TEX30,1
TMEM52B,1
IFT57,1
JSRP1,1
ZBED2,1
PLIN3,1
MIR16-2,1
NAA50,1
DEFB127,1
C10orf62,1
LDHD,1
OR4F4,1
LOC100289090,1
LOC100127888,1
FAM104B,1
PBLD,1
FAM3D,1
ORM1,1
GABARAPL3,1
GATS,1
LINC00478,1
NXPH4,1
OR2T4,1
GGT2,1
MAF,1
GPN3,1
C5orf4,1
TMEM198B,1
ZNF529,1
FAM69A,1
RAVER1,1
MRTO4,1
KCTD8,1
ANKRD39,1
CCL3L1,1
MIR1284,1
PATZ1,1
HPR,1
SERTM1,1
APOL3,1
MCIN,1
MOB2,1
DERL1,1
EFHB,1
BDH2,1
CARD18,1
OR7G2,1
PPP3R1,1
VPS36,1
MIR1204,1
HIST1H1A,1
RERGL,1
C6orf141,1
TRGV8,1
CPLX2,1
CDRT15,1
PRR19,1
C8orf4,1
POLR3H,1
CDC34,1
SBK2,1
REN,1
AGPAT5,1
ENSG00000214970,1
IGLV2-23,1
CELA3A,1
LHFP,1
KRT8P12,1
PKD1P6,1
ASGR1,1
PRRG2,1
C11orf39,1
NOG,1
SMAD5-AS1,1
NKAIN4,1
SNTN,1
PDZK1P1,1
P2RX1,1
LINC00634,1
NDUFV1-DT,1
LINC00514,1
C14orf176,1
C15orf62,1
NDUFB8,1
C16orf90,1
GTPBP2,1
NPEPL1,1
NPRL2,1
APOC4,1
THG1L,1
UBE2F,1
SRSF7,1
RNF24,1
ORMDL2,1
TSSK3,1
AK1,1
GUCY1B2,1
AKR7A2,1
OPN1MW2,1
PCOLCE-AS1,1
ANAPC16,1
ARL6IP5,1
NSUN5P1,1
NUBPL,1
HRASLS,1
NOMO3,1
RNA5SP301,1
MAPKAPK5,1
CCDC167,1
MXD3,1
RHOT2,1
ADAM6,1
MIR514B,1
BIK,1
CDC42SE1,1
IGFBP1,1
LOR,1
LRPAP1,1
RFXAP,1
C5orf22,1
ZNF839,1
SNAP29,1
SPIRE2,1
SYNJ2BP,1
NBPF15,1
MIR548I1,1
MIR1269A,1
MFSD2B,1
ACYP2,1
CDK8,1
GLOD5,1
NDUFA3,1
RFPL4B,1
SPTY2D1-AS1,1
C6orf52,1
GPR115,1
MIR155HG,1
OTUD5,1
SRP54,1
MIR297,1
OR6W1P,1
MIR4738,1
MIR193B,1
COX11,1
GOT2,1
VBP1,1
MIR589,1
LIN37,1
ZCCHC3,1
NEU2,1
LBH,1
DPF3,1
ENSG00000242294,1
MS4A12,1
ENSG00000259172,1
MPZL2,1
MFSD10,1
NUS1,1
CLNS1A,1
TMEM160,1
CXorf61,1
ETHE1,1
MIR766,1
GPR135,1
GPR20,1
MIR643,1
IGLC2,1
MIR1207,1
EFCAB1,1
MMADHC,1
WNT1,1
ARL9,1
PXT1,1
IGKV2D-40,1
IGKV2-28,1
LY6G6E,1
SPRR2D,1
MEIG1,1
COX7C,1
IGLV8-61,1
TMOD1,1
COPS7A,1
CDCA5,1
IRX1,1
LY6G6C,1
GGH,1
GRM5-AS1,1
RPF1,1
RGS2,1
GRB2,1
TMEM133,1
LALBA,1
TOM1L1,1
LRRC14,1
BCL7B,1
LMO2,1
MIR518A1,1
MXI1,1
SUSD3,1
NIPAL2,1
CSN1S2AP,1
GAGE10,1
NOTCH2NL,1
SFTPA1,1
TMEM144,1
GOLT1B,1
ZNF720,1
BLOC1S3,1
FZD8,1
CHODL,1
ENSG00000267110,1
SLC39A11,1
INHBB,1
KRTAP2-2,1
KCNIP3,1
ANO1-AS1,1
NCMAP,1
REEP6,1
TMEM164,1
MIR519B,1
STOM,1
TMEM9,1
C7orf50,1
PPP4R1L,1
TFF3,1
GPX4,1
POLE4,1
MIR3130-1,1
MAP2K6,1
TMEM45A,1
SETD4,1
CCR10,1
MARCKS,1
DUSP4,1
ATP5C1,1
AQP4,1
TMEM151A,1
SNORD72,1
TMPRSS3,1
SPATS2L,1
SPATS2,1
RELL2,1
BEAN1,1
C16orf54,1
MT3,1
SNRPA,1
GNAT3,1
GPR132,1
MIR1289-2,1
MUSTN1,1
MOB4,1
MRPL40,1
NR2F6,1
SNORD115-17,1
DCTN5,1
MIR3689B,1
PXDC1,1
SEPSECS,1
LHX1,1
NMRK1,1
RAB15,1
MVK,1
RPL26,1
KLHDC4,1
MIR616,1
S100A14,1
RLN1,1
TMEM251,1
LEMD1,1
C21orf33,1
MIR1307,1
CXCR6,1
MIR490,1
LINC00479,1
PBX3,1
OSBP,1
RIIAD1,1
GLTP,1
MAPKAPK5-AS1,1
S100A4,1
CDC42EP2,1
PAM16,1
MIR744,1
MIR640,1
EVL,1
EIF4EBP1,1
PMCHL2,1
IGHV4-34,1
RGS13,1
DNAJB8-AS1,1
SLC2A4RG,1
ASAH1,1
MIR802,1
MIR335,1
PSMB7,1
GLIPR2,1
GHRLOS2,1
EFCAB10,1
GNG2,1
KCTD9,1
BAIAP2-AS1,1
PLCH1-AS2,1
PQLC3,1
ARF4,1
MIR521-2,1
PPIL1,1
H3F3A,1
EVPLL,1
DUXA,1
FAM72C,1
MIR3612,1
MIR653,1
PDLIM2,1
CRCP,1
CLDN23,1
PANK2,1
CACNG6,1
MIR25,1
RNF187,1
MIR548D2,1
KCTD15,1
RBL2,1
FBXO16,1
CALM3,1
PFDN4,1
NOB1,1
HSP90AA4P,1
C10orf107,1
PRSS1,1
TPRXL,1
PSORS1C1,1
CLIC4,1
N4BP2L1,1
SCARNA2,1
SCARNA6,1
CCDC74B-AS1,1
SDHA,1
TMEM89,1
C11orf87,1
MIR1182,1
UFD1L,1
HIGD1A,1
RPS21,1
ENSG00000267385,1
CYP27C1,1
GIPC2,1
C6orf123,1
CTDSP2,1
NICN1,1
EIF1,1
ZNF155,1
CDCP2,1
MIR3179-1,1
AGPS,1
C4orf6,1
IGFBP7,1
MIR548H3,1
PTX3,1
SFT2D2,1
CD14,1
CT45A6,1
KRT7,1
MYLPF,1
MIR450A2,1
TSPAN10,1
UTP23,1
C9orf153,1
BCL2L10,1
SLC26A1,1
SMCR7,1
ADIG,1
ZCCHC17,1
C20orf196,1
UQCR11,1
NR5A1,1
UBE2W,1
ENSG00000237101,1
CABLES2,1
IGKV1-6,1
NSUN5P2,1
C1orf88,1
DUS4L,1
MAFG,1
FAM118A,1
HDHD3,1
MFSD6L,1
TSTD1,1
CRK,1
ZNF705D,1
C2CD4C,1
FAM84B,1
NEDD8-MDP1,1
LINC00273,1
EXOSC1,1
MIR635,1
ZNRF2,1
CCRL1,1
MIR1302-8,1
MIR617,1
DYX1C1-CCPG1,1
MAGEA1,1
RPP38,1
CD177,1
ANKRD36BP1,1
SIRT4,1
MARCH4,1
CSNK2A2,1
CCDC51,1
CBLN1,1
CDRT15P1,1
KIR3DX1,1
CCDC65,1
CPLX4,1
KCNK7,1
KIAA1143,1
ISG20,1
MIR548I2,1
MAL,1
MIR885,1
TACSTD2,1
SNORD4A,1
TBC1D16,1
TDGF1,1
MIR611,1
TSSC4,1
MIR555,1
CCDC105,1
FLJ26245,1
ZMAT5,1
KISS1R,1
CETN3,1
RPA1,1
NR2C2AP,1
TFAM,1
UBE2G2,1
MIR30B,1
FGF21,1
FGF12,1
SUCLG1,1
TECR,1
MIR484,1
ZMYM6NB,1
RPLP2,1
RLBP1,1
MIR216B,1
HP,1
GAPDH,1
MIR152,1
MT1P3,1
UGDH,1
ABI3,1
AKR1B15,1
GNG13,1
KNCN,1
EPGN,1
MIR548C,1
GFOD1,1
SNRPD3,1
MRPL22,1
LSAMP,1
MAP7D3,1
KLK9,1
MYPOP,1
OR2A2,1
PEX10,1
PTPLA,1
GC,1
AGAP8,1
C21orf128,1
NGB,1
FLJ33534,1
FAM103A1,1
FSBP,1
GABRB3,1
ENSG00000240127,1
GMFB,1
MEST,1
PCYOX1L,1
S100A13,1
EIF3C,1
TYW5,1
EGFLAM-AS1,1
MGC16275,1
ENTHD2,1
C12orf73,1
ILDR2,1
MIEN1,1
DLX2,1
SLC25A24,1
RAB3IP,1
STX8,1
TMEM248,1
SHOX2,1
DEFB123,1
FLJ35390,1
FAM71F1,1
GLYATL2,1
C20orf203,1
CENPA,1
PHKG2,1
IL28B,1
NXNL2,1
ZNF621,1
EXOSC7,1
CHST10,1
AMFR,1
C16orf82,1
DCDC2C,1
C3orf65,1
CLC,1
TMEM30B,1
MIR517A,1
DLEU7,1
ENSG00000259288,1
TCEAL7,1
FAM174B,1
SAA2-SAA4,1
LIN28A,1
UCP1,1
CDC25A,1
DNAJC25-GNG10,1
MIR206,1
PROSAPIP1,1
BMS1P1,1
FCN3,1
LCORL,1
KRTAP22-2,1
FDXACB1,1
EFHD1,1
ALG3,1
FGL1,1
FLJ33360,1
FNTA,1
MSL3P1,1
SLC25A51,1
FPGT,1
LCE1D,1
TRAF2,1
SSX9,1
TRAV41,1
SFXN1,1
MTMR9LP,1
GCSAM,1
IFITM5,1
GDAP2,1
GDF10,1
FRMD8,1
FBXO9,1
FAM198B,1
COL8A2,1
FAM176A,1
CXorf68,1
DBI,1
DCTD,1
DEFB119,1
GPSM3,1
DESI2,1
MLKL,1
DHRS3,1
DNAJC8,1
OTUB2,1
DUT,1
MOCS3,1
DTD1,1
DEFB114,1
EPM2A,1
ERVK13-1,1
TMEM249,1
EXTL2,1
OR56B4,1
FAM133A,1
FAM175A,1
MIR548AJ2,1
CCR8,1
GGT7,1
GMPPA,1
GNA13,1
MRPL37,1
IGKV1-8,1
RAB3IL1,1
SPINK13,1
IGLV10-54,1
IL7,1
IMMP1L,1
INIP,1
INSL6,1
IQCF5,1
IRGQ,1
ISPD,1
MARCKSL1,1
ISY1,1
ITM2C,1
FAM71C,1
EMC8,1
JAM3,1
JPH1,1
ZNF843,1
NDUFS3,1
TRUB2,1
KRTAP10-10,1
KRTAP5-7,1
IGHV4-59,1
KLHDC2,1
ID1,1
VPREB1,1
ZNF566,1
GOLGA6C,1
ENSG00000267261,1
SSR4,1
IFT80,1
MOGAT2,1
FCGR2B,1
ZNF385C,1
TIMM9,1
CA7,1
MAPK12,1
TMCO2,1
FAM71F2,1
HEBP2,1
HESX1,1
LYPD3,1
LYPD1,1
LCMT1,1
CRLF1,1
OR2F2,1
ZNF213,1
MXRA7,1
CTNNBIP1,1
VEGFB,1
MS4A1,1
BRI3BP,1
RPAIN,1
CCR5,1
YOD1,1
RHBDD2,1
TXNDC12,1
ZNF580,1
C11orf89,1
RNF114,1
PLEKHF1,1
ABHD3,1
NTN5,1
CHST9-AS1,1
PSRC1,1
ACADL,1
ACBD6,1
MIR328,1
RFK,1
ADAP2,1
ANTXR2,1
ALDH6A1,1
EPB49,1
ALPL,1
AMY1C,1
SAMD10,1
DACT3,1
GSG1L,1
LRRC37A5P,1
IBA57,1
SLC50A1,1
AP5S1,1
ADCY10P1,1
C15orf63,1
IRX5,1
NUDT22,1
SCARNA10,1
TST,1
KAT5,1
TAS2R60,1
OVCA2,1
SKP1,1
SH2D1A,1
ASB8,1
ZMYND11,1
GID4,1
SSTR1,1
HES4,1
MRPS28,1
ASPDH,1
HIATL2,1
HOXA6,1
RPL6,1
TNFAIP8L2,1
SNORD115-43,1
ART3,1
CCDC102A,1
CCDC160,1
CCDC25,1
C19orf59,1
CCDC71,1
RPIA,1
PGAP3,1
PDDC1,1
CCDC90B,1
CCL19,1
AKAP7,1
EGR4,1
MEX3A,1
DNM3OS,1
DBP,1
CEP170P1,1
BAG1,1
IGFBP4,1
CENPW,1
NKAIN3,1
CHRDL2,1
CLEC1B,1
RNF19B,1
CCDC117,1
CASP3,1
CASP14,1
C1orf204,1
ATP13A4-AS1,1
ATP6AP2,1
WDR88,1
BCKDHB,1
PLAG1,1
BRMS1L,1
RPP14,1
PHAX,1
C15orf32,1
C1orf140,1
MEOX1,1
PDIA3,1
EPCIP,1
YWHAH-AS1,1
C2orf51,1
PFN1,1
C4orf32,1
TEX56P,1
LYPD6,1
LRRC52,1
CLIC1,1
C7orf59,1
LACRT,1
LIMD1-AS1,1
IGLON5,1
SPCS2,1
SSBP1,1
SUV39H2,1
DBT,1
TAP2,1
TCF23,1
TEX9,1
TFB1M,1
TGFB2,1
PAK6-AS1,1
TGIF1,1
TM4SF20,1
TMEM126B,1
RPL36,1
TMEM128,1
REP15,1
TMEM212,1
NDUFV2,1
TNNI1,1
LANCL1,1
CST8,1
TRAV12-3,1
ITGB1BP2,1
TRAV39,1
SLC25A40,1
STXBP5-AS1,1
SCNN1G,1
SPATA5,1
SCGB3A2,1
SCN4B,1
SERGEF,1
SERINC4,1
LGALS2,1
SESN3,1
SH3GL1,1
SKA2,1
SLAMF8,1
SURF4,1
SLC25A52,1
SLC36A4,1
SLC48A1,1
SLC52A3,1
DIABLO,1
SLX1B,1
SNORD16,1
SNORD37,1
SNORD61,1
SPA17,1
SPAG11A,1
DIRC1,1
FREY1,1
TRAV40,1
TRAV6,1
TRAV7,1
TRBJ2-1,1
ZNF32,1
ZNF404,1
ZNF57,1
ZNF579,1
ZNF596,1
ZNF709,1
ZNF789,1
ZNF852,1
SPTSSB,1
FBLN5,1
ATG4B,1
ARL4A,1
C12orf70,1
FAM180A,1
ALKBH3,1
HLA-G,1
NPM3,1
TSPAN3,1
SPSB1,1
C1orf146,1
GPR35,1
SNORD32A,1
SAMD1,1
NKX2-8,1
ZNF140,1
PLLP,1
UGCG,1
TREML2,1
GYPB,1
TSFM,1
TUBA8,1
GPRC5A,1
UBE2D1,1
CLN5,1
C1QTNF8,1
UBE2Z,1
UCN2,1
XAGE-4,1
ZMAT2,1
SLC52A1,1
UTP18,1
VSNL1,1
C1orf212,1
VTA1,1
WFDC12,1
C9orf57,1
WIPF3,1
UNC5CL,1
ZC3H8,1
PSMG3,1
SAA4,1
LINC00477,1
MIR548D1,1
MIR588,1
MIS18A,1
MITD1,1
MIR3180-5,1
MPHOSPH6,1
MRPL10,1
NAA40,1
METTL22,1
LYPD2,1
NECAB2,1
NIPSNAP3A,1
NRBP2,1
KRTAP21-2,1
NRG4,1
NRN1,1
RPL31,1
HSPB9,1
HENMT1,1
RRAS,1
FAM83D,1
OR4D1,1
OR4K17,1
OR51M1,1
MIR548I4,1
MIR543,1
RRM2B,1
MIR4268,1
C16orf55,1
SPINK1,1
PRKRIP1,1
SERTAD1,1
LRRC69,1
LSM10,1
SEC22A,1
LSM3,1
RRP8,1
LYSMD2,1
RPSA,1
OR6B2,1
RHOD,1
MARCH11,1
NME4,1
RNF112,1
MIA,1
NIPAL3,1
MIR1302-5,1
MIR450A1,1
MIR494,1
MIR518A2,1
MTPN,1
OR52A4,1
OR52I1,1
PAK1IP1,1
PCGF2,1
RAB41,1
LINC00621,1
ENSG00000261884,1
RADIL,1
ELMOD2,1
RANBP1,1
RANBP9,1
EFCAB9,1
KLRG2,1
SETD9,1
RDH10,1
REEP2,1
NKX6-2,1
REEP4,1
REM2,1
MIR612,1
RPL24,1
RPL7A,1
RPL9,1
LYG1,1
RPS12,1
CENPQ,1
C3orf27,1
RAB11B,1
COX6C,1
PXN,1
CAAP1,1
PEMT,1
PHOSPHO1,1
HAGHL,1
PLEKHO1,1
GK-AS1,1
GALP,1
POLR2M,1
FLJ27352,1
EN2,1
FAM212A,1
POU4F1-AS1,1
PXMP2,1
PPM1K,1
PPP6C,1
C9orf172,1
FAM159B,1
AGR2,1
PRSS16,1
PRSS41,1
PSAT1,1
PSMC1,1
ABHD14A,1
BNIP1,1
C14orf183,1
H1FX-AS1,1
FAM157A,1
C22orf31,1
C22orf42,1
BMF,1
CDK2AP2,1
CENPH,1
CKM,1
CRYBA1,1
CTSK,1
ENSG00000253981,1
ENSG00000258466,1
EXOSC8,1
FAM43A,1
FEZF1,1
FLJ45139,1
GADD45G,1
CYP2A7P1,1
CPNE7,1
CMTM3,1
CCDC140,1
GALM,1
CA5BP1,1
C5orf47,1
GPR146,1
BET1,1
C1orf228,1
RPSAP58,1
C11orf71,1
RNU6-3,1
RNA5SP70,1
LYRM4,1
AIRE,1
PLAGL1,1
QTRT1,1
PRICKLE2-AS3,1
PYY,1
PLGLA,1
NCLN,1
MRRFP1,1
METTL9,1
PMCHL1,1
TRAIP,1
BHMT,1
MIR1302-3,1
KCNK17,1
IGKV1-12,1
ATRAID,1
FOXA2,1
FKBP1C,1
ATP5L,1
FAM90A27P,1
GPR150,1
ACOT12,1
BSPH1,1
HSPA6,1
BTLA,1
AP1AR,1
MT1DP,1
EMP1,1
DLGAP1-AS1,1
OR5P3,1
ATF7,1
PDX1,1
PDZD9,1
ENSG00000244758,1
NEUROD2,1
TSACC,1
CEBPE,1
PPAPDC3,1
PPIE,1
TNFRSF17,1
TMEM8C,1
CHCHD10,1
SLC15A3,1
SERPINB2,1
PYGO2,1
SEC11A,1
SAC3D1,1
MNX1,1
FKBP3,1
MIR3911,1
IGLV3-25,1
HYAL3,1
SCD,1
MAGEH1,1
IER3,1
IGHV1OR21-1,1
GPX2,1
ENSG00000210191,1
LINC02910,1
MIR140,1
IL8,1
IRF2,1
MIR181D,1
JDP2,1
IGLV2-33,1
KIF25-AS1,1
KRT37,1
LACC1,1
LINC00226,1
LIPJ,1
LRRC24,1
LRRC45,1
MCM8,1
CST5,1
C7orf66,1
C18orf25,1
CECR6,1
C11orf57,1
ING3,1
TRBV27,1
EID2B,1
FAM92B,1
HN1L,1
LINC00174,1
MYADML2,1
SLC35G2,1
ST20,1
NHP2,1
TTLL10,1
RORA,1
CTDSP1,1
TNK2,1
LINC00523,1
GJD3,1
SLC34A3,1
HSD17B11,1
LMO4,1
GPD1L,1
DCD,1
H3F3C,1
C19orf69,1
C15orf60,1
TRIQK,1
PPP2R2A,1
TMEM101,1
TSPAN13,1
STOML3,1
C17orf66,1
FTHL17,1
SH3GL3,1
RNF183,1
MIR369,1
FAM163A,1
KBTBD3,1
IGF2-AS,1
FRRS1L,1
KCTD13,1
ANKRD29,1
PINX1,1
LINC00202,1
HBG2,1
PNPLA2,1
MAPK1,1
IZUMO1,1
PF4,1
CCL28,1
SPATA19,1
TRBV28,1
CDK4,1
GPR62,1
FAM110A,1
YPEL4,1
RCCD1,1
ALOX5AP,1
WASH4P,1
TYMS,1
ENSG00000237240,1
ENSG00000233389,1
UPF3AP2,1
SOCS5,1
TRGV5,1
IGHV1-2,1
YPEL1,1
CCDC89,1
TRGJ2,1
CCRN4L,1
PATE3,1
TAF8,1
SAPCD1,1
SAA1,1
ATP1B3,1
RRH,1
CYP4F43P,1
DMAP1,1
A4GNT,1
C3orf14,1
ICMT,1
PRAMEF5,1
GPANK1,1
SLC26A7,1
GMPPB,1
ZNF576,1
ATP6V1E1,1
MIR605,1
TSPAN33,1
GM2A,1
TRBV9,1
IGLV6-57,1
GINS1,1
IGKV5-2,1
SOD1,1
ZNF252P-AS1,1
MIR300,1
RASSF1,1
UBAC1,1
WNT4,1
TRIB3,1
SLC27A6,1
QRSL1,1
MSANTD3-TMEFF1,1
S100A10,1
RPS18,1
RBM14-RBM4,1
SNHG12,1
PDAP1,1
SCRT2,1
RRAGC,1
TMEM138,1
RPL22L1,1
AIMP1,1
IGLV3-22,1
RN7SKP5,1
RAB43,1
WBP5,1
FITM1,1
CRISP2,1
PAFAH1B3,1
PVT1,1
PPIL6,1
ZNF256,1
PTMA,1
PPAPDC2,1
P2RX6,1
OSTM1,1
OR10W1,1
NOP16,1
MRPS36,1
MZT2B,1
SRSF6,1
RARRES2,1
TRAV24,1
FAM166B,1
MAGEB17,1
HAGH,1
KRTAP4-12,1
LRRC58,1
KLF3,1
LBX1,1
IGKV3-11,1
ZNF697,1
TRIM35,1
VAX2,1
ENSG00000201129,1
NKAPP1,1
GNB2,1
YDJC,1
CLPTM1,1
C1orf200,1
UBBP4,1
FBLIM1,1
TRMT61A,1
GPR27,1
METTL6,1
CCDC107,1
MKI67IP,1
MIR3689D1,1
LINC00315,1
LINC00029,1
GAS1,1
DEFB133,1
PEX11G,1
RAB4A,1
TMEM170A,1
C8orf33,1
CHST7,1
FCER2,1
FAM32A,1
PDE7A,1
ADAT2,1
F12,1
LINC00442,1
OR14A2,1
ENTPD3-AS1,1
PAIP2,1
DCTN3,1
CHID1,1
TLR8-AS1,1
ACN9,1
CCL15,1
DECR2,1
FAM138D,1
TP73-AS1,1
FOXB2,1
DPPA3P2,1
HMGN1,1
GPR68,1
ALX3,1
KLRD1,1
LENG9,1
AANAT,1
DEF8,1
DNAJC18,1
IGSF23,1
KRTAP10-3,1
HOXC5,1
STARD6,1
GNG12-AS1,1
MDFIC,1
TRAV26-2,1
C6orf57,1
FAM153A,1
ADM,1
GUCA1B,1
IGHV3-35,1
SOX8,1
SRRM2-AS1,1
DMRTC1,1
ROPN1L,1
SNORD76,1
TMEM194A,1
DRD1,1
IL17F,1
BPIFA4P,1
GPAA1,1
CA13,1
GJC2,1
PAQR7,1
SMAD6,1
DMWD,1
PRSS37,1
SUPT3H,1
APOLD1,1
GORASP1,1
GEMIN8,1
C17orf107,1
FAM216A,1
CDR2L,1
C18orf63,1
CUTA,1
FAM63B,1
MIR670,1
TRBV30,1
ECHS1,1
CXCL2,1
KCNJ9,1
ZNF222,1
MAP3K14,1
TMPRSS2,1
PIH1D2,1
FADS6,1
SIRPD,1
SLC16A3,1
ORAI1,1
SNORA3,1
SNORD20,1
NR2F2,1
STC1,1
STK16,1
NDUFB10,1
MBD3L4,1
PFKL,1
TMEM206,1
CTSD,1
TP53INP2,1
UPK3B,1
MRPS26,1
UTS2R,1
MIR181C,1
MINA,1
WNT7B,1
EMP2,1
SENP5,1
CAV3,1
UBA3,1
GPM6A,1
DOK7,1
PPP2R2C,1
BCL2A1,1
LRMP,1
STOML2,1
TMEM70,1
ANKRD45,1
MIR92A1,1
TNFSF9,1
CDC20,1
ENSG00000207844,1
SOWAHC,1
FAM25A,1
SLC35A3,1
RBP4,1
SHB,1
POT1,1
ASIC5,1
YWHAH,1
AKR1C3,1
NKX1-2,1
RDH8,1
GRSF1,1
FAM21B,1
F3,1
DHRS7B,1
LYRM1,1
PRDM12,1
IFFO2,1
P2RY6,1
KRT39,1
LIPT2,1
DIRAS1,1
DCP1B,1
S1PR2,1
CGB,1
CORO1A,1
BEX2,1
CD164L2,1
HAPLN2,1
KLK7,1
LGALS8,1
NUDT8,1
C4orf27,1
ZBTB42,1
C11orf34,1
ABHD5,1
CFAP90,1
VGLL2,1
EBNA1BP2,1
WNT5A,1
COX16,1
TRIM61,1
SRSF9,1
ENSG00000258852,1
GH1,1
SNORA29,1
SLC31A2,1
SLC26A8,1
SLA,1
RNMT,1
RHOF,1
RAB3B,1
PYCRL,1
OSTN,1
HAMP,1
KRT17P1,1
LRRC9,1
MKRN2-AS1,1
POTEH-AS1,1
RFC5,1
SPC24,1
NDUFA4L2,1
TOR2A,1
NANS,1
MS4A8B,1
DLEU2,1
MIR190B,1
TMED9,1
TRHR,1
FAM8A1,1
AMY1A,1
DYDC2,1
HSD17B13,1
C2orf68,1
RFC2,1
MIR1304,1
OR51A4,1
PID1,1
RAB28,1
FYN,1
CNNM3,1
TP53INP1,1
NMS,1
KRTAP5-8,1
SLC17A1,1
MIR519A1,1
TRBV6-9,1
NRL,1
CNPY4,1
APLN,1
ROCK1P1,1
FAM195B,1
C20orf27,1
C11orf95,1
GLRX,1
GREM1,1
FOXD4L6,1
SRGN,1
LYPLA1,1
C19orf45,1
ATP1B2,1
BAD,1
ARX,1
AKAP10,1
BOK,1
BSCL2,1
BUD31,1
C10orf131,1
C10orf55,1
SCGB1D4,1
HAPSTR1,1
PPP1CC,1
C17orf59,1
CD40LG,1
C18orf26,1
C19orf55,1
LHFPL1,1
C2orf48,1
HOXB8,1
CCDC126,1
BABAM1,1
TINF2,1
ORAI2,1
MALL,1
LINC00470,1
ATG12,1
ARL14EP,1
LIN7A,1
FSAF1,1
CCL14,1
IL12A,1
IGHV3-13,1
HOXD4,1
HIST3H2BB,1
HCST,1
MIR624,1
ARL5A,1
RAP2A,1
TM7SF2,1
ETV2,1
ERLIN1,1
EIF4E2,1
E2F5,1
CYP2J2,1
CRYBA4,1
CRYAB,1
WDR12,1
CLPSL2,1
ANAPC11,1
CDC42EP4,1
ANKRD46,1
CD276,1
CCDC109B,1
VAMP5,1
GOLPH3L,1
MRPL1,1
SNORD116-30,1
C8orf49,1
OR7E19P,1
PPP3CC,1
TEX261,1
MIR3689D2,1
MIR320E,1
LINC00452,1
LINC00052,1
IGHV5-51,1
HES3,1
GABRP,1
FLJ46906,1
FAM165B,1
C8orf12,1
FNDC8,1
C1orf220,1
ANKUB1,1
DHRS9,1
AGAP9,1
SCARF1,1
TARM1,1
HECW1-IT1,1
GOLGA6B,1
MLST8,1
MIR3667HG,1
SSX7,1
TNFAIP1,1
SHH,1
SNORA59B,1
SERPINA13,1
SRG7,1
PROL1,1
ISM1,1
PDIA6,1
NKD1,1
KLF5,1
MAGEA9B,1
IGHV3-11,1
GNAQ,1
PGAM5,1
VIMP,1
RNA5-8SP2,1
NAPG,1
CNR1,1
NKIRAS2,1
TIAF1,1
SPANXN3,1
OR51L1,1
PAFAH2,1
PEX16,1
PLAC8L1,1
PLA2G2F,1
PNLIPRP2,1
RHOH,1
TRABD2B,1
SYCP3,1
RNY5,1
ANKRD23,1
C19orf68,1
CHCHD1,1
SLC17A9,1
MANEAL,1
SOX11,1
MIR449B,1
MOCS2,1
OCM2,1
SNURFL,1
SLC22A18AS,1
PRKCDBP,1
RFESD,1
RPUSD1,1
SHISA3,1
SPACA7,1
CIMIP5,1
ZSCAN18,1
SLC25A19,1
TOP1MT,1
PSMC2,1
TACO1,1
SNX33,1
DYRK1B,1
IGLV2-8,1
OSM,1
SNORD100,1
MRPS9,1
IGLV1-51,1
ENSG00000214646,1
APOC1P1,1
FRZB,1
CSTA,1
TRAPPC6B,1
KCNN4,1
KRTAP21-3,1
GSDMB,1
S100B,1
C2orf82,1
IAH1,1
VSX2,1
TRIM63,1
ADAM8,1
SAP30,1
ALG14,1
CACNG1,1
APITD1,1
C4orf22,1
GJC3,1
C2orf76,1
ADAM32,1
TIFAB,1
IGHV3-20,1
CNIH3,1
DEFB136,1
FAM162B,1
FAM181A,1
KCNRG,1
FBXL19-AS1,1
FAM205B,1
AGPHD1,1
OR1E1,1
INHBC,1
CD80,1
NTAN1,1
SPATA22,1
PABPN1,1
PCBD1,1
MIR527,1
COPS4,1
PDCD2L,1
SNX11,1
HMOX2,1
PITHD1,1
CCDC116,1
PKIA,1
OR2A5,1
TMPRSS12,1
POLB,1
SPATA6L,1
KLK10,1
PPP1R35,1
GNMT,1
PRELID1,1
PRNP,1
PRR7,1
ZNF557,1
OPN3,1
MBOAT2,1
OCA2,1
NXPE3,1
MIR1178,1
MIR133A1,1
MIR518D,1
MLLT6,1
RPL31P11,1
MON1A,1
GTF2H2B,1
GAL,1
DNAJC5,1
MRPL14,1
SNORD18A,1
MRPS10,1
MRPS34,1
PRRT4,1
MTCP1,1
MYOZ3,1
FFAR1,1
ECH1,1
C8orf40,1
MIR648,1
NGDN,1
ADH1B,1
RS1,1
NUDT4,1
NXNL1,1
ZNF474,1
PYCR1,1
ZCRB1,1
RUVBL2,1
RAX,1
SLC25A3,1
SLC25A33,1
RALA,1
RAB24,1
PYCR2,1
SLC33A1,1
IGKJ5,1
SMPDL3B,1
PRHOXNB,1
SMS,1
SMU1,1
KIAA0087,1
SNRPB2,1
PF4V1,1
SPAG7,1
SPATA3,1
SPON2,1
MOXD2P,1
SRD5A3,1
SSX1,1
STBD1,1
PCTP,1
MTRNR2L5,1
STX1B,1
RPL37,1
RYK,1
RAB12,1
SFR1,1
SUGT1P3,1
TNFSF13B,1
RASD1,1
RASGEF1B,1
RBM4,1
TSSK6,1
RFT1,1
TMEM54,1
TMEM174,1
RNASET2,1
TMEM173,1
TMEM147,1
WFDC11,1
RPL23,1
RPL39L,1
SVIP,1
RPRM,1
RPS29,1
RWDD4,1
SPG21,1
SPCS3,1
SNORD119,1
SNORD116-6,1
SELK,1
SERF1B,1
B3GNT6,1
METRN,1
MBLAC2,1
ZDHHC18,1
DNAJC21,1
DNAJC24,1
DEFB131,1
DYNLL1,1
ECT2L,1
HDAC3,1
IGHV3-16,1
MIR320C2,1
BCL2L2,1
EVI2A,1
ST6GALNAC4,1
FAM76A,1
FAM75D4,1
SHF,1
PRAF2,1
FOXI3,1
FEV,1
LXN,1
IGKV2-24,1
FUCA1,1
FXYD1,1
GSTZ1,1
CXorf59,1
SNTA1,1
GDF7,1
DNAJC17,1
KLK4,1
GHRH,1
IL20RB,1
C1orf105,1
C19orf81,1
AIF1L,1
CCDC6,1
CD300LD,1
CD70,1
SMAD7,1
CELF3,1
CFDP1,1
CGREF1,1
RAX2,1
OR2AT4,1
C17orf74,1
CLRN1,1
CCNH,1
BDH1,1
COMMD1,1
CRYGB,1
ACVRL1,1
CSRP2,1
ACD,1
CYB5RL,1
FOXN3,1
DAGLB,1
TMEM60,1
GFRA1,1
SNORD79,1
PSMA2,1
IGKC,1
IGLV4-60,1
IL36RN,1
FAM183B,1
EIF1AD,1
C19orf33,1
JMJD8,1
KCNC4,1
KCNJ1,1
NEUROG2,1
MNF1,1
C1QA,1
KLLN,1
KRT26,1
KRTAP5-11,1
LCE1B,1
LCE2C,1
LCE3B,1
LIN52,1
SACM1L,1
PDGFC,1
C12orf77,1
ZNF767,1
SULT1A3,1
MACROD1,1
MAGEF1,1
IGLV3-19,1
MSLN,1
LECT2,1
IGFL4,1
GLIS2,1
GLMN,1
FLJ40852,1
MEG9,1
GPRC5B,1
CDH18,1
GTSF1L,1
ZNF503,1
GZMM,1
H2AFB1,1
HAND1,1
HAPLN1,1
NUP50,1
ENSG00000176593,1
HIGD2A,1
APCS,1
ZNF449,1
HIST1H3H,1
HIST1H4K,1
HIST3H2A,1
PKIB,1
HS3ST3B1,1
HSBP1,1
ICAM5,1
IDI2,1
HSFY1P1,1
HRASLS5,1
C14orf142,1
CCNO,1
ENSG00000219492,1
KCTD6,1
ZBED6,1
ATXN7L3,1
FAM133B,1
DHRS1,1
IGKV4-1,1
ANAPC2,1
HSD17B1,1
ZNF322,1
TMEM135,1
SPRYD7,1
SPESP1,1
ARL6IP4,1
ACAD8,1
SMNDC1,1
SLC38A6,1
SLC22A13,1
SELO,1
RPL10L,1
NRN1L,1
UNC119,1
NKAIN1,1
NIP7,1
MTCH2,1
B3GNT4,1
IL4,1
ENSG00000222607,1
ENSG00000261720,1
TSPAN15,1
FGF17,1
IGKV6D-21,1
CCL23,1
C4orf33,1
KRTAP9-2,1
C1orf68,1
ATAD1,1
ARL5B,1
MIR1296,1
AGFG1,1
MYOC,1
VCX3A,1
PDGFRL,1
PIP4K2B,1
CYP4Z2P,1
C2orf72,1
ENSG00000257033,1
CTRB2,1
CHAD,1
C12orf39,1
BAGE2,1
TRABD,1
TGOLN2,1
TIMM13,1
TRMT1L,1
DYDC1,1
MAGT1,1
LEAP2,1
TMEM82,1
HIST1H2AC,1
GPCPD1,1
GZMH,1
ISOC1,1
FBXL22,1
LINC00207,1
KCNIP1,1
AMMECR1,1
MRPL43,1
C1orf185,1
MAU2,1
SPRYD4,1
DDX28,1
B3GAT2,1
IL20,1
PPAPDC1B,1
DKK2,1
CSN2,1
RAPGEF4-AS1,1
GBX2,1
DEFB126,1
SYCE1,1
LAD1,1
C20orf166,1
ZIC4,1
ARHGAP11B,1
RCVRN,1
KRTAP8-1,1
EMCN,1
KRTAP21-1,1
HUS1B,1
H1FNT,1
PERP,1
SLC16A8,1
FABP7,1
ENSG00000257950,1
EFCAB4A,1
COMMD4,1
CHST4,1
C2orf61,1
AVEN,1
ATOH7,1
ARL3,1
ADI1,1
ADRBK2,1
MIR934,1
ZNF219,1
ENSG00000260861,1
MIR10B,1
LRRC29,1
DNASE1L1,1
OR2AE1,1
OR2M2,1
CDIPT,1
FOXL1,1
GAMT,1
FTSJ2,1
DEFB115,1
C1orf186,1
APOBEC4,1
SPRR2F,1
TMEM156,1
HIST1H4I,1
METTL20,1
CA6,1
SLC19A4P,1
AQP5,1
PLN,1
UQCRB,1
TRGV1,1
SPATA2L,1
ENSG00000189316,1
TMEM65,1
ADAT3,1
NDUFS6,1
RPS25,1
TMEM192,1
C9orf170,1
TMEM126A,1
SPDYA,1
GRAMD2,1
SNORD57,1
SNORD24,1
CLEC1A,1
FAM64A,1
SF3B5,1
HSPB3,1
UBE2R2,1
TCEB1,1
SERHL2,1
PSME3,1
TRIM45,1
IFI30,1
LMX1A,1
KIAA0513,1
DMTF1,1
PSMB4,1
B9D2,1
LBP,1
ENSG00000232637,1
RAPGEFL1,1
CYGB,1
ENSG00000247570,1
TTLL13,1
THAP8,1
ST8SIA1,1
GSTA4,1
RPL41,1
SNORD115-18,1
OTUD1,1
CGA,1
IGLV1-40,1
SIGLECL1,1
OR13H1,1
FOXN4,1
ENSG00000226025,1
FAM90A24P,1
KHNYN,1
KLHL33,1
LGALS9C,1
ZNF138,1
VSTM5,1
SRSF10,1
SOWAHB,1
UBE2C,1
REG4,1
PTN,1
CTAGE8,1
B3GNTL1,1
C15orf26,1
PAGE2B,1
OR56B1,1
NFKBIL1,1
MZB1,1
COX8A,1
LYRM7,1
DNM1L,1
PRCD,1
LIN7B,1
HES1,1
HARBI1,1
ENSG00000257198,1
ENSG00000187686,1
NLRP6,1
CHRNA2,1
NAGS,1
CABP2,1
MT4,1
MT1G,1
MIR222,1
CHPF2,1
LAPTM4A,1
KRTAP20-1,1
KRR1,1
ITPA,1
ING2,1
IGHV3-64,1
HTRA2,1
GPX3,1
GPR157,1
FAM72A,1
DEPTOR,1
DDX19A,1
COQ4,1
CES4A,1
CCL2,1
BNIP2,1
KRTAP23-1,1
ARHGAP8,1
APOBEC3F,1
PPCDC,1
ZER1,1
HAUS2,1
NKX3-2,1
KCNE3,1
MZF1,1
NPIP,1
OR1L1,1
TMEM129,1
MAP3K3,1
LYPD6B,1
C9orf123,1
DLD,1
JTB,1
C11orf54,1
MIR532,1
CBLN3,1
UBE2I,1
MIR23A,1
ASCC1,1
WSB2,1
CBFA2T3,1
TMEM9B,1
CCDC113,1
CCND1,1
OR4F5,1
PRRT2,1
PTPLAD2,1
TRBV10-2,1
C17orf70,1
THAP11,1
FAM116B,1
COQ5,1
PLA2G1B,1
TRAF3IP2-AS1,1
OR12D2,1
MXRA8,1
FUNDC2,1
CMBL,1
OR5M10,1
RPL18,1
ITGB1BP1,1
LACE1,1
CENPP,1
ZNF740,1
TBC1D22A,1
H2AFY,1
MRPL17,1
C2orf44,1
GPHA2,1
LRRC20,1
FAM78A,1
IGKV1-27,1
PPP2R5A,1
POLD3,1
SNORD114-17,1
SNORD18B,1
TCFL5,1
TMEM229A,1
CHCHD5,1
CLEC5A,1
MED31,1
OR2W1,1
MIR3144,1
LIFR-AS1,1
CT47A6,1
C9orf62,1
PIERCE1,1
ZNF670,1
SLIRP-OT1,1
CCDC103,1
GAGE2B,1
CD300C,1
CDK9,1
CHAC1,1
CHMP4B,1
PRR23C,1
NPPA,1
CXCL3,1
KLF14,1
TERC,1
SPINK14,1
NKX6-1,1
NBPF8,1
MIER3,1
FBLN7,1
FGF14,1
GPBAR1,1
MIR3167,1
RGS18,1
NUDT16L1,1
AMH,1
TNFRSF10B,1
HBB,1
BMP10,1
FAM168A,1
HIST1H3J,1
RERG,1
OR52N4,1
SDCBP,1
ST8SIA5,1
ITPRIPL2,1
GGCT,1
FKBP11,1
EVX2,1
ASB16,1
AZU1,1
C17orf78,1
S100A3,1
ENSG00000255185,1
CSNK1G3,1
RTP3,1
RPL23A,1
NAIP,1
NAPSA,1
NUDT18,1
RIPK4,1
VDAC3,1
CRB3,1
BCL2L14,1
TAF7,1
MRPS12,1
MIR526A2,1
GAR1,1
IGFBPL1,1
FRS2,1
GAGE12J,1
EMC4,1
COX6A1,1
CKMT1A,1
CDKN1A,1
CD27,1
C17orf82,1
TPT1,1
PPP4C,1
TAS2R30,1
TMEM141,1
TRAPPC2L,1
UBOX5,1
SRSF12,1
PSMB10,1
OTX2-AS1,1
ZNF784,1
C1orf172,1
MIR3914-1,1
KIF12,1
TRBV4-2,1
RAMP3,1
PRAMEF22,1
PSMD7,1
TRAV13-2,1
IGHV1-46,1
PPIEL,1
LCE3A,1
OR8B4,1
MIR548Q,1
LINC00493,1
HLA-DOA,1
ACVR1,1
SPRR2G,1
SH3RF3,1
PPP1R16A,1
ENTPD8,1
TRAPPC6A,1
PTGFR,1
RHEB,1
TK1,1
SUMO2,1
TNFSF13,1
TSPO2,1
SNIP1,1
RAB2B,1
PSD4,1
MC5R,1
NTN4,1
HSD17B8,1
SBSN,1
CH25H,1
EEF1G,1
C1orf159,1
MGC21881,1
MIR3689C,1
MRPS16,1
ANKRD20A19P,1
TRIM15,1
ZNF815P,1
ANKRD62P1-PARP4P3,1
FBXO45,1
CYP2G1P,1
DTX2P1,1
IGLJ3,1
C11orf85,1
TMEM40,1
MRGPRG-AS1,1
MTX1,1
PRSS3P3,1
RP11-165H20.1,1
SMPD4P1,1
SNORD3D,1
IGKV1D-33,1
HOGA1,1
DOC2B,1
VIP,1
ZDHHC4,1
FLJ26850,1
HIST1H2BA,1
CMA1,1
HIST1H4H,1
TCEAL5,1
C11orf74,1
C10orf95,1
WBP1L,1
SNORD118,1
PRTFDC1,1
RRN3P3,1
MRPL27,1
FAM19A5,1
AKR7A3,1
CAPSL,1
IL28A,1
MTNR1B,1
OAZ2,1
SSPN,1
KRTAP1-1,1
RALGPS2,1
PTCD2,1
SNORA14A,1
TMEM106C,1
MSRB2,1
ITPKA,1
NGFR,1
MYCBP,1
IGKV2-30,1
OR11H7,1
NTF3,1
SUMF1,1
RNF122,1
ENSG00000228157,1
PRRC1,1
GATA5,1
CXXC5,1
CSAG4,1
BOD1,1
RAB9A,1
RAD52,1
ATPAF1-AS1,1
RCN3,1
IGHJ6,1
RNASE4,1
RPL7L1,1
MIR4330,1
RSRC1,1
SEPW1,1
SH3RF2,1
SIGLEC14,1
SPSB3,1
SLC25A35,1
FOXF1,1
CCBE1,1
SLPI,1
C19orf77,1
SNORD46,1
RBM48,1
KRTAP2-3,1
KRTAP9-9,1
PHGDH,1
PDZK1,1
MIR1289-1,1
MIR383,1
MIR489,1
MIR623,1
MPZ,1
MPZL3,1
UBQLNL,1
MT1X,1
NAP1L5,1
NDUFS1,1
NSRP1,1
ODF3L1,1
ODF4,1
OR1J4,1
STH,1
OR4D5,1
MT-ND2,1
MBD3L5,1
OR9I1,1
OR9Q2,1
OSGEP,1
C12orf76,1
LOC728047,1
LOC653786,1
PCSK9,1
SRI,1
TAS2R39,1
CTSH,1
TYSND1,1
C7orf65,1
TSPAN4,1
MIR133B,1
PTX4,1
PPP1CB,1
HS3ST6,1
TRIM68,1
UQCRC1,1
CKS1B,1
IGLV4-3,1
SOX4,1
C11orf52,1
CNIH,1
CRIP2,1
C6orf1,1
EPHA10,1
ISL2,1
PRKCI,1
VDR,1
HNRNPAB,1
OTOS,1
POMC,1
WDR73,1
LINC00085,1
PYCARD,1
CILP2,1
KRTAP13-2,1
TCEB3CL,1
ARC,1
TDP1,1
THYN1,1
TRAF3IP2,1
TRIM44,1
TTC12,1
TTC8,1
UGT3A1,1
C20orf141,1
C3orf72,1
TNNI2,1
CCDC163P,1
WFDC10B,1
ZCCHC24,1
ZFP42,1
CHST6,1
ZNF426,1
NDUFS5,1
ZRSR2,1
CLPB,1
DNAJC15,1
PSMC3IP,1
CCDC43,1
PCGF3,1
GTF3A,1
DEFB132,1
MFSD2A,1
MFAP3,1
KLHDC10,1
ASIP,1
IGHV1-18,1
TNFRSF10C,1
TMBIM6,1
IGFBP6,1
C12orf10,1
ENSG00000263424,1
C22orf25,1
C5orf62,1
C7orf29,1
PIGP,1
C9orf152,1
CEACAM7,1
CLDN1,1
CRYBB2,1
ANKRD60,1
CTBS,1
TRAJ50,1
SHBG,1
DCAKD,1
PNPLA4,1
COQ10A,1
ECSIT,1
MIR4277,1
ENO2,1
ENSG00000231064,1
C1orf170,1
DDN,1
ENTPD3,1
AP4B1-AS1,1
PAQR4,1
SHROOM1,1
GPHB5,1
TMEM14E,1
CLTA,1
PTGER1,1
NDUFA10,1
RAB27A,1
AQP6,1
MIR342,1
CACFD1,1
CMPK2,1
CCDC127,1
MIR548M,1
CCL11,1
P2RX3,1
AAR2,1
ACER2,1
ADIPOR1,1
EPO,1
C16orf71,1
SLC22A1,1
MFAP4,1
HILS1,1
HBBP1,1
ENSG00000235434,1
LINC00087,1
LRRC3B,1
IGHV3-21,1
NQO1,1
IGHV7-81,1
DEFB105A,1
IL1A,1
IL1F10,1
KARS,1
KCTD5,1
KIAA0895L,1
KRT16,1
SHOX,1
RDM1,1
KRTAP19-8,1
KRTAP3-3,1
SELENBP1,1
MAP1LC3C,1
SLC7A2,1
LEP,1
LGALS16,1
SNORD115-2,1
SREK1IP1,1
LIPF,1
LMOD2,1
MATR3,1
MCHR1,1
MED17,1
IGHV3-73,1
IGHV1-8,1
IGLV11-55,1
KRTAP5-6,1
FABP3,1
ICAM2,1
FAM24B,1
FAM40B,1
FAXC,1
CLEC3B,1
ORAOV1,1
C8orf76,1
C7orf73,1
LINC03124,1
GAGE2C,1
GALNT4,1
IGFBP2,1
GLYAT,1
GPN1,1
GPR176,1
GPR21,1
GSG2,1
RPL37A,1
HABP2,1
GADD45GIP1,1
HMGCL,1
HOXB6,1
IGLV2-14,1
IFNA6,1
C1QL1,1
C1orf53,1
MDS2,1
C11orf1,1
MST4,1
HTR2B,1
LPPR1,1
HSF4,1
RPL35,1
HIST1H3A,1
SSX4B,1
HIAT1,1
ETFA,1
INO80C,1
ENSG00000254756,1
TNFRSF6B,1
COLEC11,1
GNA15,1
FKBP1B,1
UBAC2,1
C16orf79,1
CHCHD8,1
ZNRF3-IT1,1
DOK6,1
ZNF766,1
GLRA1,1
HIST1H2BI,1
KRTAP4-2,1
MB21D1,1
MIR513A1,1
CT45A5,1
PIANP,1
NPY,1
TMEM66,1
C8orf73,1
UPK2,1
XAF1,1
RNASEK,1
ERO1LB,1
MAP1LC3B2,1
PHOSPHO2,1
ZBTB47,1
ADPRM,1
ARL16,1
C1orf95,1
LINC00469,1
CCDC64B,1
GNAT1,1
FLJ35816,1
H2AFX,1
KRTAP26-1,1
PCBP1,1
SNORD42B,1
RPS2,1
RPS27,1
SCGB1D2,1
KRTAP4-4,1
ZNF774,1
AQP8,1
N6AMT2,1
PLEKHO2,1
TCF21,1
METTL1,1
TSPYL6,1
SAA2,1
EIF3M,1
KHDC1L,1
LAT,1
MPLKIP,1
RNU6-46,1
C7orf41,1
TMEM39B,1
KRT33A,1
TMEM225,1
TGFA,1
AGPAT1,1
TCL1B,1
RCL1,1
STX16,1
ANKRD37,1
C14orf129,1
C19orf26,1
OST4,1
SLC25A42,1
ASS1,1
C16orf11,1
CD164,1
CLEC11A,1
TTN-AS1,1
KBTBD13,1
TRIM59,1
MIR154,1
ZFP1,1
AMN,1
C14orf119,1
DYNLRB2,1
YIPF2,1
HCRT,1
IGHJ5,1
MAD2L1BP,1
NAT8L,1
NOP10,1
NUPR1,1
XG,1
SAMD12,1
SNRNP70,1
TEX101,1
FLJ41649,1
HSP90AA6P,1
VMA21,1
POM121L4P,1
STAU2-AS1,1
USP50,1
TIGD1L2,1
TNFSF14,1
LCE6A,1
CCDC85B,1
TM4SF19,1
IL19,1
ELMO3,1
RIOK3,1
CDA,1
PRSS22,1
IFT20,1
LURAP1L,1
MARCH3,1
ING5,1
PGPEP1,1
FAM109B,1
GJC1,1
GPR78,1
HAUS1,1
CIB3,1
RPS10,1
CPM,1
ENSG00000249209,1
HLA-DPB1,1
SIRT6,1
CRADD,1
BEX4,1
LOC100288346,1
ADRA2A,1
AHSP,1
DUSP12,1
DUSP8,1
PRSS33,1
C12orf75,1
FAM47E,1
HDDC3,1
WNT6,1
NPC2,1
NANOGNB,1
FAM66C,1
ARL2,1
CD6,1
STMN1,1
FLJ42875,1
IGHV3-33,1
PARG,1
GNAI3,1
TPT1-AS1,1
PDE7B,1
PAGE3,1
DDX11L10,1
TPM3P9,1
KLHL28,1
TMEM43,1
KCNG3,1
CEACAM6,1
IFITM1,1
MT1A,1
BLVRB,1
DNAJC22,1
LRP3,1
TUBBP1,1
ENSG00000251184,1
HOXC11,1
CLDN9,1
CLCC1,1
PRR5-ARHGAP8,1
HRSP12,1
GYPE,1
CLCF1,1
OXTR,1
PYDC2,1
TRBV6-5,1
TFF2,1
C19orf70,1
FAM174A,1
PGAM2,1
MIR142,1
LGI4,1
PPP2R2D,1
MTERF,1
SYCE1L,1
SDHD,1
CRLF2,1
FUT9,1
IER2,1
INSM2,1
KRTAP19-7,1
RAB18,1
AAGAB,1
CXCR2,1
EXOSC4,1
CCNDBP1,1
IGKV1D-13,1
AUH,1
KCTD4,1
MSC,1
NEK7,1
C6orf228,1
SLC35A4,1
FAM125B,1
TLCD1,1
PAX1,1
TWIST2,1
UBXN6,1
MRPL35,1
ENSG00000251357,1
UIMC1,1
DNAJC30,1
GLRX3,1
MIR3164,1
PBOV1,1
BSND,1
C19orf43,1
WT1-AS,1
LAPTM4B,1
LSM4,1
MIR409,1
MIR491,1
ANP32BP1,1
RAP2C,1
BRAT1,1
SYNGR2,1
NUDT2,1
TMEM30C,1
NAT14,1
KLHL11,1
IGHV1-45,1
ENSG00000265489,1
ENSG00000210194,1
C4orf45,1
ENSG00000183470,1
GBAS,1
DMRT1,1
NCS1,1
NOXA1,1
YPEL2,1
STARD3NL,1
DAD1,1
ARPC4-TTLL3,1
SLC35G1,1
SENP8,1
PTPRCAP,1
SCARNA12,1
INPP5E,1
C10orf116,1
LY6K,1
LLPH,1
GAS2L1,1
HHIP,1
SNORD114-7,1
RNF185,1
PPP1R27,1
MIR892B,1
TMUB2,1
FSCN3,1
GPS1,1
GRWD1,1
MTAP,1
CCDC12,1
PPAP2C,1
R3HDM4,1
EIF4E1B,1
C1orf227,1
ANKRD13A,1
RPE,1
CST9,1
TMPRSS11F,1
LCE1F,1
USP16,1
VPS4A,1
GCSAML,1
DPH1,1
OLAH,1
TOMM20L,1
CUEDC2,1
H2AFJ,1
IL17D,1
RNF121,1
HPGD,1
MED18,1
MIR218-2,1
ACER1,1
IGHV3-72,1
KRTAP19-4,1
MAPK8IP1,1
COX19,1
BMP8A,1
HNRNPCL1,1
POLR2H,1
APCDD1L,1
ANKRA2,1
MIR520A,1
SLC41A2,1
C16orf86,1
CDC14B,1
TTC28-AS1,1
SDR16C6P,1
MTMR1,1
NAGA,1
BOP1,1
HHEX,1
GAST,1
CXorf24,1
KLHL35,1
PRAMEF14,1
RCE1,1
TMEM127,1
ARNTL2,1
UBL4B,1
MLK7-AS1,1
AKR1D1,1
NODAL,1
OR1C1,1
TPM4,1
BZW2,1
FAM108B1,1
ANKRD20A1,1
ENSG00000258472,1
NAT16,1
VEGFA,1
DCUN1D5,1
HLA-L,1
UGT1A5,1
MIR221,1
OR52E2,1
TERF2,1
TAL1,1
RIMS4,1
APOBEC3H,1
C3orf18,1
FAM110C,1
OR5K1,1
LCN12,1
LEFTY2,1
LCE4A,1
CST7,1
FAM151B,1
CDKN2D,1
ENSG00000246477,1
GPR65,1
GMCL1,1
GKN2,1
FUNDC2P2,1
TUSC2,1
UBE2NL,1
UBXN10,1
FAM209A,1
FAM54B,1
FDX1,1
F8A1,1
VAMP4,1
VMO1,1
EMP3,1
EMC10,1
XAGE5,1
YRDC,1
DBF4,1
ZBTB45,1
CXCL10,1
CSDA,1
CDK5R1,1
BVES-AS1,1
NDUFB3,1
ARPP19,1
ANXA2R,1
GPR19,1
TSHB,1
ZNHIT1,1
TRBV7-7,1
NAPEPLD,1
SUCLG2,1
MTOR-AS1,1
TCP10L,1
TECTB,1
MRPS21,1
MMAB,1
MIP,1
TGFB1I1,1
TMEM239,1
TMEM150C,1
TMEM187,1
TMEM200B,1
TMEM204,1
B3GAT1,1
KLHL2,1
TMEM98,1
KLF12,1
JOSD1,1
TNFAIP8L3,1
IL3,1
TOB2,1
TOMM6,1
IGLV3-16,1
IGKV1D-37,1
ADRA1B,1
ZSCAN12P1,1
CYP2U1,1
IGKV1D-17,1
ELK4,1
EXOG,1
IL4I1,1
PTPN20A,1
UBTD1,1
TK2,1
ENSG00000248666,1
C6orf100,1
D2HGDH,1
ENSG00000214397,1
FKBP9L,1
NDUFA2,1
GSTM2,1
KLRC3,1
KIRREL3-AS3,1
LINC00488,1
CTLA4,1
CCDC53,1
PCBP1-AS1,1
POM121L1P,1
SNORA75,1
UBL5,1
PWWP2A,1
DSCR4,1
SRP14,1
ARL6IP1,1
DAZL,1
EID3,1
TMEM107,1
IL18RAP,1
IZUMO2,1
RAB39A,1
SPRY4,1
AKT1S1,1
ANAPC10,1
C10orf114,1
LCE2A,1
KRTAP11-1,1
IFLTD1,1
IMP3,1
KRT74,1
AMT,1
KRTAP19-2,1
MRPL4,1
OXLD1,1
GYPA,1
PIGU,1
SLC11A2,1
ASAH2B,1
TADA3,1
AGRP,1
GPC4,1
HEXIM2,1
KIAA1609,1
MTHFSD,1
IZUMO3,1
GUCA1A,1
CLDN24,1
BLOC1S5,1
COPS2,1
DEFB1,1
IFI44L,1
IGLJ2,1
LMF2,1
EHF,1
MYC,1
SERPINA6,1
SEMA6B,1
COX5A,1
STX12,1
TPD52L1,1
S100A7A,1
ZGLP1,1
HTN3,1
ACOT7,1
SNRPC,1
SNORA14B,1
FBXO8,1
RXRB,1
DYNLT3,1
LACTBL1,1
OR52B6,1
COPS8,1
TBC1D30,1
A4GALT,1
LSMD1,1
RAB40B,1
POU2F3,1
PFKFB1,1
STX7,1
DAOA,1
BAIAP2L2,1
CYP4F24P,1
F9,1
FAM54A,1
FBXW11,1
CLIC3,1
AATK-AS1,1
IL36B,1
KATNA1,1
MIR124-1,1
PDZD11,1
PRPS1,1
HNRNPA0,1
SNX24,1
TMEM47,1
TRBV19,1
TRBV6-4,1
AKR1A1,1
CLEC4G,1
CNFN,1
FAM228B,1
CACNG2,1
THY1,1
TMEM69,1
RAD1,1
UBL7,1
ASAH2C,1
ALAD,1
ALDH1B1,1
NXPH3,1
GPR88,1
ISYNA1,1
KLHL10,1
LIPI,1
MIR301A,1
RWDD2B,1
NDUFA6,1
SPTSSA,1
TMEM186,1
HSPA1A,1
ZNF354A,1
BATF2,1
COPS7B,1
PPWD1,1
STRA8,1
C20orf166-AS1,1
AQP11,1
VPS37B,1
PROK2,1
IGHV6-1,1
EBPL,1
ZG16B,1
TRAV8-2,1
KRTAP20-2,1
SGTB,1
HSPB11,1
PPBP,1
C6orf136,1
SOHLH1,1
ARHGDIA,1
SNX30,1
FOXJ1,1
ELOF1,1
CRKL,1
NR2C1,1
SPINK8,1
SDHAP4,1
PRNT,1
FGF4,1
CCDC152,1
MT-ND5,1
CNR2,1
ENSG00000243655,1
PEX19,1
HSDL1,1
MLLT1,1
LINC00539,1
NUDCD3,1
OR2M3,1
C11orf35,1
C14orf45,1
FGF9,1
HIST1H3D,1
GALE,1
CD300LB,1
BEGAIN,1
INPP5K,1
DPF1,1
HIST1H4G,1
NMRAL1,1
KLHL21,1
MARVELD2,1
REEP3,1
PNMAL2,1
SNORA48,1
ADH4,1
GATA6,1
ATMIN,1
C1orf210,1
FAM86JP,1
DCAF15,1
GLT6D1,1
AK2,1
ASPHD1,1
LEPROTL1,1
C4BPB,1
C6orf25,1
CAV2,1
CBX7,1
IL17C,1
ZNF302,1
MIR22HG,1
FGFRL1,1
PRELID2,1
C1orf110,1
NME6,1
IGFBP3,1
GSTT1,1
TNP2,1
ALYREF,1
ANKRD13B,1
ARRB1,1
ATP5B,1
DBNDD1,1
CDV3,1
FUT2,1
DEC1,1
GIPC1,1
GSTA2,1
IFNB1,1
ATP6V1G2,1
PPIH,1
LPAR5,1
OR4P4,1
FBXL20,1
STIP1,1
CGB7,1
ZC3H10,1
LPCAT2,1
IFNA5,1
NOC2L,1
TMEM241,1
NDUFA4,1
RRAGB,1
PTRHD1,1
OR14K1,1
FLJ45831,1
KLRF1,1
TEX19,1
OR1N2,1
OR7E5P,1
UPK1A-AS1,1
WFDC3,1
GJB2,1
ENSG00000235041,1
ZSCAN30,1
UCA1,1
LINC00650,1
C21orf37,1
EPB42,1
SLC25A15,1
NOL3,1
ODC1,1
OR4F21,1
C8orf17,1
C20orf151,1
ACTRT2,1
PDC,1
RIMKLA,1
FABP2,1
SPRR3,1
FAM221B,1
FOXH1,1
GALR3,1
HERC2P8,1
FLJ12825,1
NECAB3,1
MIR27B,1
TRIM62,1
MT1H,1
SOCS2,1
MTRNR2L3,1
NHLH1,1
MGC34034,1
PAQR5,1
FAM89A,1
PURB,1
USP44,1
TMED6,1
SAMD11,1
OXT,1
PPP1R37,1
LINC00618,1
MIR24-1,1
KXD1,1
ZBTB25,1
MIR128-2,1
